<?xml version="1.0" encoding="utf-8"?><nagrody>
    
        <nagroda>
            <rok>1901</rok>
            <fizyka>W.C. Roentgen (N)</fizyka>
            <chemia>J.H. van't Hoff (Hol)</chemia>
            <medycyna>E. von Behring (N)</medycyna>
            <literatura>Sully-Prudhomme (F)</literatura>
            <pokojowa>H. Dunant (S),F. Passy (F)</pokojowa>
        </nagroda>
        
    
    
        <nagroda>
            <rok>1902</rok>
            <fizyka>H.A. Lorentz (Hol),P. Zeeman (Hol)</fizyka>
            <chemia>E. Fischer (N)</chemia>
            <medycyna>R. Ross (WB)</medycyna>
            <literatura>Th. Mommsen (N)</literatura>
            <pokojowa>E. Ducommun (S),A.Gobat (S)</pokojowa>
        </nagroda>
        
    
    
        <nagroda>
            <rok>1903</rok>
            <fizyka>H. Becquerel (F),P.Curie (F),M. Skłodowska-Curie (F)</fizyka>
            <chemia>S. Arrhenius (Sz)</chemia>
            <medycyna>N.R. Finsen (D)</medycyna>
            <literatura>B. Bjornson (No)</literatura>
            <pokojowa>R. Cremer (WB)</pokojowa>
        </nagroda>
        
    
    
        <nagroda>
            <rok>1904</rok>
            <fizyka>J.W. Strutt (lord Rayleigh)</fizyka>
            <chemia>W. Ramsay (WB)</chemia>
            <medycyna>I. Pawłow ( R)</medycyna>
            <literatura>F. Mistral (F),J. Echegaray (H)</literatura>
            <pokojowa>Instytut Prawa Międzynar.</pokojowa>
        </nagroda>
        
    
    
        <nagroda>
            <rok>1905</rok>
            <fizyka>Ph. von Lenard (N)</fizyka>
            <chemia>A. von Baeyer (N)</chemia>
            <medycyna>R. Koch (N)</medycyna>
            <literatura>H. Sienkiewicz (P)</literatura>
            <pokojowa>B. von Suttner (A)</pokojowa>
        </nagroda>
        
    
    
        <nagroda>
            <rok>1906</rok>
            <fizyka>J.J. Thomson (WB)</fizyka>
            <chemia>H. Moissan (F)</chemia>
            <medycyna>C. Golgi (Wł),S. Ramón y Cajal (H)</medycyna>
            <literatura>G. Carducci (Wł)</literatura>
            <pokojowa>Th. Roosevelt (USA)</pokojowa>
        </nagroda>
        
    
    
        <nagroda>
            <rok>1907</rok>
            <fizyka>A.A. Michelson (USA)</fizyka>
            <chemia>E. Buchner (N)</chemia>
            <medycyna>A. Laveran (F)</medycyna>
            <literatura>R. Kipling (WB)</literatura>
            <pokojowa>E.T. Moneta (Wł),L. Renault (F)</pokojowa>
        </nagroda>
        
    
    
        <nagroda>
            <rok>1908</rok>
            <fizyka>G. Lippmann (F)</fizyka>
            <chemia>E. Rutherford (WB)</chemia>
            <medycyna>P. Ehrlih (N),I. Miecznikow ( R)</medycyna>
            <literatura>R. Eucken (N)</literatura>
            <pokojowa>K.P. Arnoldson (Sz),F. Bajer (D)</pokojowa>
        </nagroda>
        
    
    
        <nagroda>
            <rok>1909</rok>
            <fizyka>G. Marconi (Wł),K.F. Braun (N)</fizyka>
            <chemia>W. Ostwald (N)</chemia>
            <medycyna>Th. Kocher (S)</medycyna>
            <literatura>S. Lagerlóf (Sz)</literatura>
            <pokojowa>A. Beernaert (B),P.d'Estournelles de Constant (F)</pokojowa>
        </nagroda>
        
    
    
        <nagroda>
            <rok>1910</rok>
            <fizyka>J.D. van der Waalas (Hol)</fizyka>
            <chemia>O. Wallach (N)</chemia>
            <medycyna>A. Kossel(N)</medycyna>
            <literatura>P.Heyse (N)</literatura>
            <pokojowa>Międzynar. Stałe Biuro Pokoju</pokojowa>
        </nagroda>
        
    
    
        <nagroda>
            <rok>1911</rok>
            <fizyka>W. Wien (N)</fizyka>
            <chemia>M. Skłodowska Curie (F)</chemia>
            <medycyna>A. Gullstrand (Sz)</medycyna>
            <literatura>M. Maeterlinck (B)</literatura>
            <pokojowa>T. Asser (Hol),A.H. Fried (A)</pokojowa>
        </nagroda>
        
    
    
        <nagroda>
            <rok>1912</rok>
            <fizyka>G. Dalen (Sz)</fizyka>
            <chemia>V. Grignard (F),P. Sabatier (F)</chemia>
            <medycyna>A. Carrel (USA)</medycyna>
            <literatura>G. Hauptmann (N)</literatura>
            <pokojowa>E. Root (USA)</pokojowa>
        </nagroda>
        
    
    
        <nagroda>
            <rok>1913</rok>
            <fizyka>H. Kamerlingh-Onnes (Hol)</fizyka>
            <chemia>A.Werner(S)</chemia>
            <medycyna>Ch. Richet (F)</medycyna>
            <literatura>R. Tagore (Ind)</literatura>
            <pokojowa>H. Lafontaine (B)</pokojowa>
        </nagroda>
        
    
    
        <nagroda>
            <rok>1915</rok>
            <fizyka>W.H. Bragg (WB),W.L. Bragg (WB)</fizyka>
            <chemia>R.M. Willstatter (N)</chemia>
            <medycyna>-</medycyna>
            <literatura>R. Rolland (F)</literatura>
            <pokojowa>-</pokojowa>
        </nagroda>
        
    
    
        <nagroda>
            <rok>1916</rok>
            <fizyka>-</fizyka>
            <chemia>-</chemia>
            <medycyna>-</medycyna>
            <literatura>V.von Heidddenstam (Sz)</literatura>
            <pokojowa>-</pokojowa>
        </nagroda>
        
    
    
        <nagroda>
            <rok>1917</rok>
            <fizyka>Ch.g. Barkla (WB)</fizyka>
            <chemia>-</chemia>
            <medycyna>-</medycyna>
            <literatura>K. Gjellerup (D),H. Pontoppidan (D)</literatura>
            <pokojowa>Międzynar. Komitet Czerwonego Krzyża</pokojowa>
        </nagroda>
        
    
    
        <nagroda>
            <rok>1918</rok>
            <fizyka>M. Planck (N)</fizyka>
            <chemia>F. Haber (N)</chemia>
            <medycyna>-</medycyna>
            <literatura>-</literatura>
            <pokojowa>-</pokojowa>
        </nagroda>
        
    
    
        <nagroda>
            <rok>1919</rok>
            <fizyka>J. Stark (N)</fizyka>
            <chemia>-</chemia>
            <medycyna>J. Bordet (B)</medycyna>
            <literatura>C. Spitteler (S)</literatura>
            <pokojowa>W. Wilson (USA)</pokojowa>
        </nagroda>
        
    
    
        <nagroda>
            <rok>1920</rok>
            <fizyka>Ch. Guillaume (F)</fizyka>
            <chemia>W. Nernst (N)</chemia>
            <medycyna>A. Krogh (D)</medycyna>
            <literatura>J. Hamsun (No)</literatura>
            <pokojowa>L. Bourgeois (F)</pokojowa>
        </nagroda>
        
    
    
        <nagroda>
            <rok>1921</rok>
            <fizyka>A. Einstein (N)</fizyka>
            <chemia>F. Soddy (WB)</chemia>
            <medycyna>-</medycyna>
            <literatura>A. France (F)</literatura>
            <pokojowa>H. Branting (Sz),Ch. Lange (No)</pokojowa>
        </nagroda>
        
    
    
        <nagroda>
            <rok>1922</rok>
            <fizyka>N. Bohr (D)</fizyka>
            <chemia>F.W. Aston (WB)</chemia>
            <medycyna>A.V. Hill (WB),O. Meyerhof (N)</medycyna>
            <literatura>J. Benavente (H)</literatura>
            <pokojowa>F. Nansen (No)</pokojowa>
        </nagroda>
        
    
    
        <nagroda>
            <rok>1923</rok>
            <fizyka>R.A. Millikan (USA)</fizyka>
            <chemia>F. Pregl (A)</chemia>
            <medycyna>F.G. Banting (K),J. Macleod (K)</medycyna>
            <literatura>W.B. Yeats (Irl)</literatura>
            <pokojowa>-</pokojowa>
        </nagroda>
        
    
    
        <nagroda>
            <rok>1924</rok>
            <fizyka>M. Siegbahn (Sz)</fizyka>
            <chemia>-</chemia>
            <medycyna>W. Einthoven (Hol)</medycyna>
            <literatura>W. Reymont (P)</literatura>
            <pokojowa>-</pokojowa>
        </nagroda>
        
    
    
        <nagroda>
            <rok>1925</rok>
            <fizyka>J. Franck (N),G. Hertz (N)</fizyka>
            <chemia>R. Zsigmondy (A)</chemia>
            <medycyna>-</medycyna>
            <literatura>G.B. Shaw (WB)</literatura>
            <pokojowa>A. Chamberlain (WB),Ch. Dawes (USA)</pokojowa>
        </nagroda>
        
    
    
        <nagroda>
            <rok>1926</rok>
            <fizyka>J. Perrin (F)</fizyka>
            <chemia>Th. Svedberg (Sz)</chemia>
            <medycyna>J. Fibiger (D)</medycyna>
            <literatura>G. Deledda (Wł)</literatura>
            <pokojowa>A. Briand (F),G. Stresemann (N)</pokojowa>
        </nagroda>
        
    
    
        <nagroda>
            <rok>1927</rok>
            <fizyka>A. H. Compton (USA),Ch.Th. Wilson (WB)</fizyka>
            <chemia>H. Wieland (N)</chemia>
            <medycyna>J. Wagner-Jauregg (USA)</medycyna>
            <literatura>H. Bergson (F)</literatura>
            <pokojowa>F. Buisson (F),L. Quidde (N)</pokojowa>
        </nagroda>
        
    
    
        <nagroda>
            <rok>1928</rok>
            <fizyka>O. Richardson (WB)</fizyka>
            <chemia>A. Windaus (N)</chemia>
            <medycyna>Ch. Nicolle (F)</medycyna>
            <literatura>S. Undset (No)</literatura>
            <pokojowa>-</pokojowa>
        </nagroda>
        
    
    
        <nagroda>
            <rok>1929</rok>
            <fizyka>L.de Broglie (F)</fizyka>
            <chemia>A. Harden (WB),H. von Euler-Chelpin (Sz)</chemia>
            <medycyna>Ch. Eijkman (Hol),F.G. Hopkins (WB)</medycyna>
            <literatura>S. Undset (No),Th. Mann (N)</literatura>
            <pokojowa>F.B. Kellogg (USA)</pokojowa>
        </nagroda>
        
    
    
        <nagroda>
            <rok>1930</rok>
            <fizyka>Ch.V. Raman (Ind)</fizyka>
            <chemia>H. Fischer (N)</chemia>
            <medycyna>K. Landsteiner (A)</medycyna>
            <literatura>S. Lewis (USA)</literatura>
            <pokojowa>N. Soderblom (Sz)</pokojowa>
        </nagroda>
        
    
    
        <nagroda>
            <rok>1931</rok>
            <fizyka>-</fizyka>
            <chemia>C. Bosch (N),F. Bergius (N)</chemia>
            <medycyna>O. Wartburg (N)</medycyna>
            <literatura>E.A. Karlfeldt (Sz)</literatura>
            <pokojowa>J. Addams (USA),N. Butler (USA)</pokojowa>
        </nagroda>
        
    
    
        <nagroda>
            <rok>1932</rok>
            <fizyka>W. Heisenberg (N)</fizyka>
            <chemia>I. Langmuir (USA)</chemia>
            <medycyna>Ch. Scherrington (WB),E.D. Adrian (WB)</medycyna>
            <literatura>J. Galsworthy (WB)</literatura>
            <pokojowa>-</pokojowa>
        </nagroda>
        
    
    
        <nagroda>
            <rok>1933</rok>
            <fizyka>E. Schrodinger (A),P.A.M. Dirac (WB)</fizyka>
            <chemia>-</chemia>
            <medycyna>Th.H. Morgan (USA)</medycyna>
            <literatura>I. Bunin (ros.emigr.)</literatura>
            <pokojowa>N. Angell (WB)</pokojowa>
        </nagroda>
        
    
    
        <nagroda>
            <rok>1934</rok>
            <fizyka>-</fizyka>
            <chemia>H.C. Urey (USA)</chemia>
            <medycyna>G.H. Whipple (USA),G.R. Minot (USA),W.P. Murphy (USA)</medycyna>
            <literatura>L. Pirandello (Wł)</literatura>
            <pokojowa>A. Henderson (WB)</pokojowa>
        </nagroda>
        
    
    
        <nagroda>
            <rok>1935</rok>
            <fizyka>J. Chadwick (WB)</fizyka>
            <chemia>F. Joliot-Curie (F),I. Joliot-Curie (F)</chemia>
            <medycyna>H. Spemann (N)</medycyna>
            <literatura>-</literatura>
            <pokojowa>C. von Ossietzky (N)</pokojowa>
        </nagroda>
        
    
    
        <nagroda>
            <rok>1936</rok>
            <fizyka>V.F. Hess (A),C.D. Anderson (USA)</fizyka>
            <chemia>P. Debye (Hol)</chemia>
            <medycyna>H.H. Dale (WB),O. Loewi (A)</medycyna>
            <literatura>E.G. O'Neill (USA)</literatura>
            <pokojowa>C. de Saavedra Lamas (Arg)</pokojowa>
        </nagroda>
        
    
    
        <nagroda>
            <rok>1937</rok>
            <fizyka>C.J. Davisson (USA),G.P. Thomson (WB)</fizyka>
            <chemia>W.N. Haworth (WB),P. Karrer (S)</chemia>
            <medycyna>A. Szent-Gyorgyi (W)</medycyna>
            <literatura>R. Martin du Gard (F)</literatura>
            <pokojowa>R. Cecil of Chelwood (WB)</pokojowa>
        </nagroda>
        
    
    
        <nagroda>
            <rok>1938</rok>
            <fizyka>E. Fermi (Wł)</fizyka>
            <chemia>R. Kuhn (N)</chemia>
            <medycyna>C.Heymans (B)</medycyna>
            <literatura>P. Buck (USA)</literatura>
            <pokojowa>Międzynar. Biuro Nansenowskie do Spraw Uchodźców</pokojowa>
        </nagroda>
        
    
    
        <nagroda>
            <rok>1939</rok>
            <fizyka>E. O. Lawrence (USA)</fizyka>
            <chemia>A. Butenandt (N),L. Ruzicka (S)</chemia>
            <medycyna>G. Domagk (N)</medycyna>
            <literatura>F.E. Sillanpaa (Fin)</literatura>
            <pokojowa>-</pokojowa>
        </nagroda>
        
    
    
        <nagroda>
            <rok>1940</rok>
            <fizyka>-</fizyka>
            <chemia>-</chemia>
            <medycyna>-</medycyna>
            <literatura>-</literatura>
            <pokojowa>-</pokojowa>
        </nagroda>
        
    
    
        <nagroda>
            <rok>1941</rok>
            <fizyka>-</fizyka>
            <chemia>-</chemia>
            <medycyna>-</medycyna>
            <literatura>-</literatura>
            <pokojowa>-</pokojowa>
        </nagroda>
        
    
    
        <nagroda>
            <rok>1942</rok>
            <fizyka>-</fizyka>
            <chemia>-</chemia>
            <medycyna>-</medycyna>
            <literatura>-</literatura>
            <pokojowa>-</pokojowa>
        </nagroda>
        
    
    
        <nagroda>
            <rok>1943</rok>
            <fizyka>O. Stern (USA)</fizyka>
            <chemia>G. De Hevesy (S)</chemia>
            <medycyna>H. Dam (D),E. Doisy (USA)</medycyna>
            <literatura>-</literatura>
            <pokojowa>-</pokojowa>
        </nagroda>
        
    
    
        <nagroda>
            <rok>1944</rok>
            <fizyka>I.I. Rabi (USA)</fizyka>
            <chemia>O. Hahn (N)</chemia>
            <medycyna>J. Erlanger (USA),H. Gasser (USA)</medycyna>
            <literatura> J. Jensen (D)</literatura>
            <pokojowa>Międzynar. Komitet Czerwonego Krzyża</pokojowa>
        </nagroda>
        
    
    
        <nagroda>
            <rok>1945</rok>
            <fizyka>W. Pauli (S)</fizyka>
            <chemia>A.I. Virtanen (Fin)</chemia>
            <medycyna>A. Fleming (WB),E.B. Chain (WB),H.W. Florey (WB)</medycyna>
            <literatura>G. Mistral (Ch)</literatura>
            <pokojowa>C. Hull (USA)</pokojowa>
        </nagroda>
        
    
    
        <nagroda>
            <rok>1946</rok>
            <fizyka>P.W. Bridgman (USA)</fizyka>
            <chemia>J.B. Sumner (USA),J.H. Northrop (USA),W.M. Stanley (USA)</chemia>
            <medycyna>H.J. Muller (USA)</medycyna>
            <literatura>H. Hesse (S)</literatura>
            <pokojowa>E.G. Balch (USA),J. Mott (USA)</pokojowa>
        </nagroda>
        
    
    
        <nagroda>
            <rok>1947</rok>
            <fizyka>E.V. Appleton (WB)</fizyka>
            <chemia>R. Robinson (WB)</chemia>
            <medycyna>C. Cori (USA),G.Cori (USA),b. Houssay (Arg)</medycyna>
            <literatura>A. Gide (F)</literatura>
            <pokojowa>Organizacja kwakrów w W. Brytanii,Organizacja kwakrów w USA</pokojowa>
        </nagroda>
        
    
    
        <nagroda>
            <rok>1948</rok>
            <fizyka>P. Blacket (WB)</fizyka>
            <chemia>A. Tiselius (Sz)</chemia>
            <medycyna>P.H. Muller (S)</medycyna>
            <literatura>Th. Eliot (WB)</literatura>
            <pokojowa>-</pokojowa>
        </nagroda>
        
    
    
        <nagroda>
            <rok>1949</rok>
            <fizyka>H. Yukawa (Jap)</fizyka>
            <chemia>W.F. Giauque (USA)</chemia>
            <medycyna>W.R. Hess (S),A.C. Moniz (Por)</medycyna>
            <literatura>W. Faulkner (USA)</literatura>
            <pokojowa>J. Boyd-Orr of Brechin (WB)</pokojowa>
        </nagroda>
        
    
    
        <nagroda>
            <rok>1950</rok>
            <fizyka>C.F. Powell (WB)</fizyka>
            <chemia>)O. Diels (NRF),K. Alder (NRF)</chemia>
            <medycyna>E.C. Kendall (USA),T. Reichstein (S),Ph.Sh. Hench (USA)</medycyna>
            <literatura>B. Russell (WB)</literatura>
            <pokojowa>R. Bunche (USA)</pokojowa>
        </nagroda>
        
    
    
        <nagroda>
            <rok>1951</rok>
            <fizyka>J. Cockcroft (WB),E. Walton (WB)</fizyka>
            <chemia>E.M. McMillan (USA),G.Th. Seaborg (USA)</chemia>
            <medycyna>M.Theiler (USA)</medycyna>
            <literatura>P. Lagerkvist (Sz)</literatura>
            <pokojowa>L. Jouhaux (F)</pokojowa>
        </nagroda>
        
    
    
        <nagroda>
            <rok>1952</rok>
            <fizyka>F. Bloch (USA),E. Purcell (USA)</fizyka>
            <chemia>A.J. Martin (WB),R.L. Synge (WB)</chemia>
            <medycyna>S. Waksman (USA)</medycyna>
            <literatura>F. Mauriac (F)</literatura>
            <pokojowa>A. Shweitzer (F)</pokojowa>
        </nagroda>
        
    
    
        <nagroda>
            <rok>1953</rok>
            <fizyka>F. Zernike (Hol)</fizyka>
            <chemia>H. Staudinger (NRF)</chemia>
            <medycyna>H.A. Krebs (WB),F.A. Lipmann (USA)</medycyna>
            <literatura>W. Churchill (WB)</literatura>
            <pokojowa>G. Marshall(USA)</pokojowa>
        </nagroda>
        
    
    
        <nagroda>
            <rok>1954</rok>
            <fizyka>M. Born (WB),W. Bothe (NRF)</fizyka>
            <chemia>L.C. Pauling (USA)</chemia>
            <medycyna>J.F. Enders (USA),T.H. Weller (USA),F.Ch. Robbins (USA)</medycyna>
            <literatura>E. Hemingway (USA)</literatura>
            <pokojowa>Urząd ONZ do Spraw Uchodźców</pokojowa>
        </nagroda>
        
    
    
        <nagroda>
            <rok>1955</rok>
            <fizyka>W.E. Lamb (USA),P. Kusch (USA)</fizyka>
            <chemia>V. du Vigneaud (USA)</chemia>
            <medycyna>A.H. Theorell (Sz)</medycyna>
            <literatura>H. Laxness (Isl)</literatura>
            <pokojowa>-</pokojowa>
        </nagroda>
        
    
    
        <nagroda>
            <rok>1956</rok>
            <fizyka>W.B. Shockley (USA),J. Bardeen (USA),W.H. Brattain (USA)</fizyka>
            <chemia>C.N. Hinshelwood (WB),N. Siemionow (ZSRR)</chemia>
            <medycyna>A.F. Cournand (USA),W. Forssmann (NRF)</medycyna>
            <literatura>D.W. Richards (USA)</literatura>
            <pokojowa>J. Jimenez (H)</pokojowa>
        </nagroda>
        
    
    
        <nagroda>
            <rok>1957</rok>
            <fizyka>Ch.N. Yang (USA),T.D. Lee (USA)</fizyka>
            <chemia>A.R. Todd (WB)</chemia>
            <medycyna>D. Bovet (Wł)</medycyna>
            <literatura>A.Camus (F)</literatura>
            <pokojowa>L.B. Pearson (K)</pokojowa>
        </nagroda>
        
    
    
        <nagroda>
            <rok>1958</rok>
            <fizyka>P. Czerenkow (ZSRR),I. Frank (ZSRR),I. Tamm (ZSRR)</fizyka>
            <chemia>F. Sanger (WB)</chemia>
            <medycyna>G.W. Beadle (USA),E.L. Tatum (USA),J. Lederberg (USA)</medycyna>
            <literatura>B. Pasternak (ZSRR)(nie przyjęta)</literatura>
            <pokojowa>D. Pire (B)</pokojowa>
        </nagroda>
        
    
    
        <nagroda>
            <rok>1959</rok>
            <fizyka>E.G. Segre (USA),O. Chamberlain (USA)</fizyka>
            <chemia>H. Heyrovsky (CSRS)</chemia>
            <medycyna>S. Ochoa (USA),A. Kornberg (USA)</medycyna>
            <literatura>S. Quasimodo (Wł)</literatura>
            <pokojowa>Ph. Noel-Baker(WB)</pokojowa>
        </nagroda>
        
    
    
        <nagroda>
            <rok>1960</rok>
            <fizyka>D.A. Glaser (USA)</fizyka>
            <chemia>W.F. Libby (USA)</chemia>
            <medycyna>F.m. Burnet (Zw.A),P.B. Medawar (WB)</medycyna>
            <literatura>Saint-John Perse (F)</literatura>
            <pokojowa>A. Luthuli (RPA)</pokojowa>
        </nagroda>
        
    
    
        <nagroda>
            <rok>1961</rok>
            <fizyka>R. Hofstadter (USA),R. Mossbauer (NRF)</fizyka>
            <chemia>M. Calvin (USA)</chemia>
            <medycyna>G. von Bekesy (USA)</medycyna>
            <literatura>I. Andric (J)</literatura>
            <pokojowa>D. Hammarskjold (Sz)</pokojowa>
        </nagroda>
        
    
    
        <nagroda>
            <rok>1962</rok>
            <fizyka>L. Landau (ZSRR)</fizyka>
            <chemia>M.F. Perutz (WB),J.D. Watson (USA)</chemia>
            <medycyna>M.H. Wilkins (WB)</medycyna>
            <literatura>J. Steinbeck (USA)</literatura>
            <pokojowa>L.C. Pauling (USA)</pokojowa>
        </nagroda>
        
    
    
        <nagroda>
            <rok>1963</rok>
            <fizyka>E.P. Winger (USA),M. Goeppert-Mayer (USA),H. Jensen (NRF)</fizyka>
            <chemia>K. Ziegler (NRF),G. Natta (Wł)</chemia>
            <medycyna>J.C. Eccles (Zw.A),A.L. Hodkin (WB),A.F. Huxley (WB)</medycyna>
            <literatura>J. Seferis (G)</literatura>
            <pokojowa>Międzynar. Komitet Czerwonego Krzyża,Liga Stowarzyszeń Czerwonego Krzyża</pokojowa>
        </nagroda>
        
    
    
        <nagroda>
            <rok>1964</rok>
            <fizyka>Ch.H. Townes (USA),N. Basow (ZSRR),A. Prochorow (ZSRR)</fizyka>
            <chemia>D. Crowfoot- Hodgkin (WB)</chemia>
            <medycyna>K. Bloch (USA),F. Lynen (NRF)</medycyna>
            <literatura>J.P. Sartre (F)(nie przyjęta)</literatura>
            <pokojowa>M.L. King (USA)</pokojowa>
        </nagroda>
        
    
    
        <nagroda>
            <rok>1965</rok>
            <fizyka>S. Tomonaga (Jap),J.S. Schwinger (USA),R.Ph. Feynman (USA)</fizyka>
            <chemia>R.B. Woodward (USA)</chemia>
            <medycyna>F. Jacob (F),A. Lwoff (F),J. Monod (F)</medycyna>
            <literatura>M. Szołochow (ZSRR)</literatura>
            <pokojowa>Fundusz Narodów Zjedn. Pomocy Dzieciom (UNICEF)</pokojowa>
        </nagroda>
        
    
    
        <nagroda>
            <rok>1966</rok>
            <fizyka>A. Kastler (F)</fizyka>
            <chemia>R.S. Mulliken (USA)</chemia>
            <medycyna>F.P. Rous (USA),Ch.b. Huggins (USA)</medycyna>
            <literatura>S.J. Agnon (Iz),N. Sachs (NRF)</literatura>
            <pokojowa>-</pokojowa>
        </nagroda>
        
    
    
        <nagroda>
            <rok>1967</rok>
            <fizyka>H.A. Bethe (USA)</fizyka>
            <chemia>R. Norrish (WB),G. Porter (WB)</chemia>
            <medycyna>R. Granit (Sz),H. Hartline (USA),G. Wald (USA)</medycyna>
            <literatura>M. A. Asturias (Gw)</literatura>
            <pokojowa>-</pokojowa>
        </nagroda>
        
    
    
        <nagroda>
            <rok>1968</rok>
            <fizyka>L. Alvares (USA)</fizyka>
            <chemia>L. Onsager (USA)</chemia>
            <medycyna>H.G. Khorana (USA),R.W. Holley (USA),M.W. Nirenberg (USA)</medycyna>
            <literatura>Y. Kawabata (Jap)</literatura>
            <pokojowa>R. Cassin(F)</pokojowa>
        </nagroda>
        
    
    
        <nagroda>
            <rok>1969</rok>
            <fizyka>M. Gell-Mann (USA)</fizyka>
            <chemia>D. Barton (WB),O. Hassel (No)</chemia>
            <medycyna>M. Delbruck (USA),A.D. Hershey (USA),S.E. Luria (USA)</medycyna>
            <literatura>S. Beckett (Irl)</literatura>
            <pokojowa>Międzynar. Organizacja Pracy</pokojowa>
        </nagroda>
        
    
    
        <nagroda>
            <rok>1970</rok>
            <fizyka>H. Alfven (Sz),L. Neel (F)</fizyka>
            <chemia>L. Leloir (Arg)</chemia>
            <medycyna>J.Axelrod (USA),U.S. von Euler (Sz),B. Katz (WB)</medycyna>
            <literatura>A. Sołżenicyn (ZSRR)</literatura>
            <pokojowa>N. Borlaug (USA)</pokojowa>
        </nagroda>
        
    
    
        <nagroda>
            <rok>1971</rok>
            <fizyka>D. Gabor (WB)</fizyka>
            <chemia>G. Herzberg (K)</chemia>
            <medycyna>W. Sutherland (USA)</medycyna>
            <literatura>P. Neruda (Ch)</literatura>
            <pokojowa>W. Brandt (NRF)</pokojowa>
        </nagroda>
        
    
    
        <nagroda>
            <rok>1972</rok>
            <fizyka>J. Bardeen (USA),L. Cooper (USA),J.R. Schrieffer (USA)</fizyka>
            <chemia>Ch.B. Anfinsen (USA),S. Moore (USA),W.H. Stein (USA)</chemia>
            <medycyna>G.M. Edelman (USA),R.R. Porter (WB)</medycyna>
            <literatura>H. Boll (NRF)</literatura>
            <pokojowa>-</pokojowa>
        </nagroda>
        
    
    
        <nagroda>
            <rok>1973</rok>
            <fizyka>L. Esaki (USA),I. Giaever (USA),B.D. Josephson (WB)</fizyka>
            <chemia>E.O. Fischer (NRF),G. Wilkinson (WB)</chemia>
            <medycyna>K. von Frisch (A),K. Lorenz (A),N. Tinbergen (Hol)</medycyna>
            <literatura>P. White (Zw.A)</literatura>
            <pokojowa>H. Kissinger (USA),Le Duc Tho (DRW)(nie przyjęta)</pokojowa>
        </nagroda>
        
    </nagrody>