<?xml version="1.0" encoding="utf-8"?>
<turniejCzterechSkocznii>
    <zawody>
        <rok>1953</rok>
        <miejsce>
            <numer>1</numer>
            <sportowiec>
                <imie>Josef</imie>
                <nazwisko>Bradl</nazwisko>
                <kraj>Austria</kraj>
            </sportowiec>
        </miejsce>
        <miejsce>
            <numer>2</numer>
            <sportowiec>
                <imie>Halvor</imie>
                <nazwisko>Naes</nazwisko>
                <kraj>Norwegia</kraj>
            </sportowiec>
        </miejsce>        
        <miejsce>
            <numer>3</numer>
            <sportowiec>
                <imie>Asgeir</imie>
                <nazwisko>Doelplads</nazwisko>
                <kraj>Norwegia</kraj>
            </sportowiec>
        </miejsce>                
    </zawody>
    <zawody>
        <rok>1954</rok>
        <miejsce>
            <numer>1</numer>
            <sportowiec>
                <imie>Olaf</imie>
                <nazwisko>Bjomstad</nazwisko>
                <kraj>Norwegia</kraj>
            </sportowiec>
        </miejsce>
        <miejsce>
            <numer>2</numer>
            <sportowiec>
                <imie>Eino</imie>
                <nazwisko>Kirjonen</nazwisko>
                <kraj>Finlandia</kraj>
            </sportowiec>
        </miejsce>        
        <miejsce>
            <numer>3</numer>
            <sportowiec>
                <imie>Josef</imie>
                <nazwisko>Bradl</nazwisko>
                <kraj>Austria</kraj>
            </sportowiec>
        </miejsce>                
    </zawody>
    <zawody>
        <rok>1955</rok>
        <miejsce>
            <numer>1</numer>
            <sportowiec>
                <imie>Hemmo</imie>
                <nazwisko>Silvennoinen</nazwisko>
                <kraj>Finlandia</kraj>
            </sportowiec>
        </miejsce>
        <miejsce>
            <numer>2</numer>
            <sportowiec>
                <imie>Eino</imie>
                <nazwisko>Kirjonen</nazwisko>
                <kraj>Finlandia</kraj>
            </sportowiec>
        </miejsce>        
        <miejsce>
            <numer>3</numer>
            <sportowiec>
                <imie>Aulis</imie>
                <nazwisko>Kallakorpi</nazwisko>
                <kraj>Finlandia</kraj>
            </sportowiec>
        </miejsce>                
    </zawody>
    <zawody>
        <rok>1956</rok>
        <miejsce>
            <numer>1</numer>
            <sportowiec>
                <imie>Nikołaj</imie>
                <nazwisko>Kamienski</nazwisko>
                <kraj>Związek Socjalistycznych Republik Radzieckich</kraj>
            </sportowiec>
        </miejsce>
        <miejsce>
            <numer>2</numer>
            <sportowiec>
                <imie>Josef</imie>
                <nazwisko>Bradl</nazwisko>
                <kraj>Austria</kraj>
            </sportowiec>
        </miejsce>        
        <miejsce>
            <numer>3</numer>
            <sportowiec>
                <imie>Nikołaj</imie>
                <nazwisko>Schamov</nazwisko>
                <kraj>Związek Socjalistycznych Republik Radzieckich</kraj>
            </sportowiec>
        </miejsce>                
    </zawody>
    <zawody>
        <rok>1957</rok>
        <miejsce>
            <numer>1</numer>
            <sportowiec>
                <imie>Pentti</imie>
                <nazwisko>Uotinen</nazwisko>
                <kraj>Finlandia</kraj>
            </sportowiec>
        </miejsce>
        <miejsce>
            <numer>2</numer>
            <sportowiec>
                <imie>Eino</imie>
                <nazwisko>Kirjonen</nazwisko>
                <kraj>Finlandia</kraj>
            </sportowiec>
        </miejsce>        
        <miejsce>
            <numer>3</numer>
            <sportowiec>
                <imie>Max</imie>
                <nazwisko>Bolkart</nazwisko>
                <kraj>Republika Federalna Niemiec</kraj>
            </sportowiec>
        </miejsce>                
    </zawody>
    <zawody>
        <rok>1958</rok>
        <miejsce>
            <numer>1</numer>
            <sportowiec>
                <imie>Helmut</imie>
                <nazwisko>Recknagel</nazwisko>
                <kraj>Niemiecka Republika Demokratyczna</kraj>
            </sportowiec>
        </miejsce>
        <miejsce>
            <numer>2</numer>
            <sportowiec>
                <imie>Nikołaj</imie>
                <nazwisko>Schamov</nazwisko>
                <kraj>Związek Socjalistycznych Republik Radzieckich</kraj>
            </sportowiec>
        </miejsce>        
        <miejsce>
            <numer>3</numer>
            <sportowiec>
                <imie>Nikołaj</imie>
                <nazwisko>Kamienski</nazwisko>
                <kraj>Związek Socjalistycznych Republik Radzieckich</kraj>
            </sportowiec>
        </miejsce>                
    </zawody>
    <zawody>
        <rok>1959</rok>
        <miejsce>
            <numer>1</numer>
            <sportowiec>
                <imie>Helmut</imie>
                <nazwisko>Recknagel</nazwisko>
                <kraj>Niemiecka Republika Demokratyczna</kraj>
            </sportowiec>
        </miejsce>
        <miejsce>
            <numer>2</numer>
            <sportowiec>
                <imie>Walter</imie>
                <nazwisko>Habersatter</nazwisko>
                <kraj>Austria</kraj>
            </sportowiec>
        </miejsce>        
        <miejsce>
            <numer>3</numer>
            <sportowiec>
                <imie>Arne</imie>
                <nazwisko>Hoel</nazwisko>
                <kraj>Norwegia</kraj>
            </sportowiec>
        </miejsce>                
    </zawody>
    <zawody>
        <rok>1960</rok>
        <miejsce>
            <numer>1</numer>
            <sportowiec>
                <imie>Max</imie>
                <nazwisko>Bolkart</nazwisko>
                <kraj>Republika Federalna Niemiec</kraj>
            </sportowiec>
        </miejsce>
        <miejsce>
            <numer>2</numer>
            <sportowiec>
                <imie>Albin</imie>
                <nazwisko>Plank</nazwisko>
                <kraj>Austria</kraj>
            </sportowiec>
        </miejsce>        
        <miejsce>
            <numer>3</numer>
            <sportowiec>
                <imie>Otto</imie>
                <nazwisko>Leodolter</nazwisko>
                <kraj>Austria</kraj>
            </sportowiec>
        </miejsce>                
    </zawody>
    <zawody>
        <rok>1961</rok>
        <miejsce>
            <numer>1</numer>
            <sportowiec>
                <imie>Helmut</imie>
                <nazwisko>Recknagel</nazwisko>
                <kraj>Niemiecka Republika Demokratyczna</kraj>
            </sportowiec>
        </miejsce>
        <miejsce>
            <numer>2</numer>
            <sportowiec>
                <imie>Otto</imie>
                <nazwisko>Leodolter</nazwisko>
                <kraj>Austria</kraj>
            </sportowiec>
        </miejsce>        
        <miejsce>
            <numer>3</numer>
            <sportowiec>
                <imie>Kalevi</imie>
                <nazwisko>Kaerkkinen</nazwisko>
                <kraj>Finlandia</kraj>
            </sportowiec>
        </miejsce>                
    </zawody>
    <zawody>
        <rok>1962</rok>
        <miejsce>
            <numer>1</numer>
            <sportowiec>
                <imie>Eino</imie>
                <nazwisko>Kirjonen</nazwisko>
                <kraj>Finlandia</kraj>
            </sportowiec>
        </miejsce>
        <miejsce>
            <numer>2</numer>
            <sportowiec>
                <imie>Willi</imie>
                <nazwisko>Egger</nazwisko>
                <kraj>Austria</kraj>
            </sportowiec>
        </miejsce>        
        <miejsce>
            <numer>3</numer>
            <sportowiec>
                <imie>Hemmo</imie>
                <nazwisko>Silvennoinen</nazwisko>
                <kraj>Finlandia</kraj>
            </sportowiec>
        </miejsce>                
    </zawody>
    <zawody>
        <rok>1963</rok>
        <miejsce>
            <numer>1</numer>
            <sportowiec>
                <imie>Toralf</imie>
                <nazwisko>Engan</nazwisko>
                <kraj>Norwegia</kraj>
            </sportowiec>
        </miejsce>
        <miejsce>
            <numer>2</numer>
            <sportowiec>
                <imie>Torbjorn</imie>
                <nazwisko>Yggeseth</nazwisko>
                <kraj>Norwegia</kraj>
            </sportowiec>
        </miejsce>        
        <miejsce>
            <numer>3</numer>
            <sportowiec>
                <imie>Max</imie>
                <nazwisko>Bolkart</nazwisko>
                <kraj>Republika Federalna Niemiec</kraj>
            </sportowiec>
        </miejsce>                
    </zawody>
    <zawody>
        <rok>1964</rok>
        <miejsce>
            <numer>1</numer>
            <sportowiec>
                <imie>Veikko</imie>
                <nazwisko>Kankonnen</nazwisko>
                <kraj>Finlandia</kraj>
            </sportowiec>
        </miejsce>
        <miejsce>
            <numer>2</numer>
            <sportowiec>
                <imie>Torbjorn</imie>
                <nazwisko>Yggeseth</nazwisko>
                <kraj>Norwegia</kraj>
            </sportowiec>
        </miejsce>        
        <miejsce>
            <numer>3</numer>
            <sportowiec>
                <imie>Baldur</imie>
                <nazwisko>Preiml</nazwisko>
                <kraj>Austria</kraj>
            </sportowiec>
        </miejsce>                
    </zawody>
    <zawody>
        <rok>1965</rok>
        <miejsce>
            <numer>1</numer>
            <sportowiec>
                <imie>Torgeir</imie>
                <nazwisko>Brandtzaeg</nazwisko>
                <kraj>Norwegia</kraj>
            </sportowiec>
        </miejsce>
        <miejsce>
            <numer>2</numer>
            <sportowiec>
                <imie>Bjorn</imie>
                <nazwisko>Wirkola</nazwisko>
                <kraj>Norwegia</kraj>
            </sportowiec>
        </miejsce>        
        <miejsce>
            <numer>3</numer>
            <sportowiec>
                <imie>Dalibor</imie>
                <nazwisko>Motejlek</nazwisko>
                <kraj>Czechosłowacja</kraj>
            </sportowiec>
        </miejsce>                
    </zawody>
    <zawody>
        <rok>1966</rok>
        <miejsce>
            <numer>1</numer>
            <sportowiec>
                <imie>Veikko</imie>
                <nazwisko>Kankonnen</nazwisko>
                <kraj>Finlandia</kraj>
            </sportowiec>
        </miejsce>
        <miejsce>
            <numer>2</numer>
            <sportowiec>
                <imie>Dieter</imie>
                <nazwisko>Neuendorf</nazwisko>
                <kraj>Republika Federalna Niemiec</kraj>
            </sportowiec>
        </miejsce>        
        <miejsce>
            <numer>3</numer>
            <sportowiec>
                <imie>Bjorn</imie>
                <nazwisko>Wirkola</nazwisko>
                <kraj>Norwegia</kraj>
            </sportowiec>
        </miejsce>                
    </zawody>
    <zawody>
        <rok>1967</rok>
        <miejsce>
            <numer>1</numer>
            <sportowiec>
                <imie>Bjorn</imie>
                <nazwisko>Wirkola</nazwisko>
                <kraj>Norwegia</kraj>
            </sportowiec>
        </miejsce>
        <miejsce>
            <numer>2</numer>
            <sportowiec>
                <imie>Sepp</imie>
                <nazwisko>Lichtenegger</nazwisko>
                <kraj>Austria</kraj>
            </sportowiec>
        </miejsce>        
        <miejsce>
            <numer>3</numer>
            <sportowiec>
                <imie>Dieter</imie>
                <nazwisko>Neuendorf</nazwisko>
                <kraj>Republika Federalna Niemiec</kraj>
            </sportowiec>
        </miejsce>                
    </zawody>
    <zawody>
        <rok>1968</rok>
        <miejsce>
            <numer>1</numer>
            <sportowiec>
                <imie>Bjorn</imie>
                <nazwisko>Wirkola</nazwisko>
                <kraj>Norwegia</kraj>
            </sportowiec>
        </miejsce>
        <miejsce>
            <numer>2</numer>
            <sportowiec>
                <imie>Jiri</imie>
                <nazwisko>Raska</nazwisko>
                <kraj>Czechosłowacja</kraj>
            </sportowiec>
        </miejsce>        
        <miejsce>
            <numer>3</numer>
            <sportowiec>
                <imie>Dieter</imie>
                <nazwisko>Neuendorf</nazwisko>
                <kraj>Republika Federalna Niemiec</kraj>
            </sportowiec>
        </miejsce>                
    </zawody>
    <zawody>
        <rok>1969</rok>
        <miejsce>
            <numer>1</numer>
            <sportowiec>
                <imie>Bjorn</imie>
                <nazwisko>Wirkola</nazwisko>
                <kraj>Norwegia</kraj>
            </sportowiec>
        </miejsce>
        <miejsce>
            <numer>2</numer>
            <sportowiec>
                <imie>Jiri</imie>
                <nazwisko>Raska</nazwisko>
                <kraj>Czechosłowacja</kraj>
            </sportowiec>
        </miejsce>        
        <miejsce>
            <numer>3</numer>
            <sportowiec>
                <imie>Zbynek</imie>
                <nazwisko>Hubac</nazwisko>
                <kraj>Czechosłowacja</kraj>
            </sportowiec>
        </miejsce>                
    </zawody>
    <zawody>
        <rok>1970</rok>
        <miejsce>
            <numer>1</numer>
            <sportowiec>
                <imie>Horst</imie>
                <nazwisko>Queck</nazwisko>
                <kraj>Niemiecka Republika Demokratyczna</kraj>
            </sportowiec>
        </miejsce>
        <miejsce>
            <numer>2</numer>
            <sportowiec>
                <imie>Bjorn</imie>
                <nazwisko>Wirkola</nazwisko>
                <kraj>Norwegia</kraj>
            </sportowiec>
        </miejsce>        
        <miejsce>
            <numer>3</numer>
            <sportowiec>
                <imie>Gari</imie>
                <nazwisko>Napalkow</nazwisko>
                <kraj>Związek Socjalistycznych Republik Radzieckich</kraj>
            </sportowiec>
        </miejsce>                
    </zawody>
    <zawody>
        <rok>1971</rok>
        <miejsce>
            <numer>1</numer>
            <sportowiec>
                <imie>Jiri</imie>
                <nazwisko>Raska</nazwisko>
                <kraj>Czechosłowacja</kraj>
            </sportowiec>
        </miejsce>
        <miejsce>
            <numer>2</numer>
            <sportowiec>
                <imie>Ingolf</imie>
                <nazwisko>Mork</nazwisko>
                <kraj>Norwegia</kraj>
            </sportowiec>
        </miejsce>        
        <miejsce>
            <numer>3</numer>
            <sportowiec>
                <imie>Zbynek</imie>
                <nazwisko>Hubac</nazwisko>
                <kraj>Czechosłowacja</kraj>
            </sportowiec>
        </miejsce>                
    </zawody>
    <zawody>
        <rok>1972</rok>
        <miejsce>
            <numer>1</numer>
            <sportowiec>
                <imie>Ingolf</imie>
                <nazwisko>Mork</nazwisko>
                <kraj>Norwegia</kraj>
            </sportowiec>
        </miejsce>
        <miejsce>
            <numer>2</numer>
            <sportowiec>
                <imie>Henry</imie>
                <nazwisko>Glass</nazwisko>
                <kraj>Niemiecka Republika Demokratyczna</kraj>
            </sportowiec>
        </miejsce>        
        <miejsce>
            <numer>3</numer>
            <sportowiec>
                <imie>Tauno</imie>
                <nazwisko>Kaeyhko</nazwisko>
                <kraj>Finlandia</kraj>
            </sportowiec>
        </miejsce>                
    </zawody>
    <zawody>
        <rok>1973</rok>
        <miejsce>
            <numer>1</numer>
            <sportowiec>
                <imie>Rainer</imie>
                <nazwisko>Schmidt</nazwisko>
                <kraj>Niemiecka Republika Demokratyczna</kraj>
            </sportowiec>
        </miejsce>
        <miejsce>
            <numer>2</numer>
            <sportowiec>
                <imie>Hans-Georg</imie>
                <nazwisko>Aschenbach</nazwisko>
                <kraj>Niemiecka Republika Demokratyczna</kraj>
            </sportowiec>
        </miejsce>        
        <miejsce>
            <numer>3</numer>
            <sportowiec>
                <imie>Sergej</imie>
                <nazwisko>Botschkov</nazwisko>
                <kraj>Związek Socjalistycznych Republik Radzieckich</kraj>
            </sportowiec>
        </miejsce>                
    </zawody>
    <zawody>
        <rok>1974</rok>
        <miejsce>
            <numer>1</numer>
            <sportowiec>
                <imie>Hans-Georg</imie>
                <nazwisko>Aschenbach</nazwisko>
                <kraj>Niemiecka Republika Demokratyczna</kraj>
            </sportowiec>
        </miejsce>
        <miejsce>
            <numer>2</numer>
            <sportowiec>
                <imie>Walter</imie>
                <nazwisko>Steiner</nazwisko>
                <kraj>Szwajcaria</kraj>
            </sportowiec>
        </miejsce>        
        <miejsce>
            <numer>3</numer>
            <sportowiec>
                <imie>Bernd</imie>
                <nazwisko>Eckstein</nazwisko>
                <kraj>Niemiecka Republika Demokratyczna</kraj>
            </sportowiec>
        </miejsce>                
    </zawody>
    <zawody>
        <rok>1975</rok>
        <miejsce>
            <numer>1</numer>
            <sportowiec>
                <imie>Willi</imie>
                <nazwisko>Purstl</nazwisko>
                <kraj>Austria</kraj>
            </sportowiec>
        </miejsce>
        <miejsce>
            <numer>2</numer>
            <sportowiec>
                <imie>Edi</imie>
                <nazwisko>Federer</nazwisko>
                <kraj>Austria</kraj>
            </sportowiec>
        </miejsce>        
        <miejsce>
            <numer>3</numer>
            <sportowiec>
                <imie>Karl</imie>
                <nazwisko>Schnabl</nazwisko>
                <kraj>Austria</kraj>
            </sportowiec>
        </miejsce>                
    </zawody>
    <zawody>
        <rok>1976</rok>
        <miejsce>
            <numer>1</numer>
            <sportowiec>
                <imie>Jochen</imie>
                <nazwisko>Danneberg</nazwisko>
                <kraj>Niemiecka Republika Demokratyczna</kraj>
            </sportowiec>
        </miejsce>
        <miejsce>
            <numer>2</numer>
            <sportowiec>
                <imie>Karl</imie>
                <nazwisko>Schnabl</nazwisko>
                <kraj>Austria</kraj>
            </sportowiec>
        </miejsce>        
        <miejsce>
            <numer>3</numer>
            <sportowiec>
                <imie>Reinhold</imie>
                <nazwisko>Bachler</nazwisko>
                <kraj>Austria</kraj>
            </sportowiec>
        </miejsce>                
    </zawody>
    <zawody>
        <rok>1977</rok>
        <miejsce>
            <numer>1</numer>
            <sportowiec>
                <imie>Jochen</imie>
                <nazwisko>Danneberg</nazwisko>
                <kraj>Niemiecka Republika Demokratyczna</kraj>
            </sportowiec>
        </miejsce>
        <miejsce>
            <numer>2</numer>
            <sportowiec>
                <imie>Walter</imie>
                <nazwisko>Steiner</nazwisko>
                <kraj>Szwajcaria</kraj>
            </sportowiec>
        </miejsce>        
        <miejsce>
            <numer>3</numer>
            <sportowiec>
                <imie>Henry</imie>
                <nazwisko>Glass</nazwisko>
                <kraj>Niemiecka Republika Demokratyczna</kraj>
            </sportowiec>
        </miejsce>                
    </zawody>
    <zawody>
        <rok>1978</rok>
        <miejsce>
            <numer>1</numer>
            <sportowiec>
                <imie>Kari</imie>
                <nazwisko>Ylaanttila</nazwisko>
                <kraj>Finlandia</kraj>
            </sportowiec>
        </miejsce>
        <miejsce>
            <numer>2</numer>
            <sportowiec>
                <imie>Mathias</imie>
                <nazwisko>Buse</nazwisko>
                <kraj>Niemiecka Republika Demokratyczna</kraj>
            </sportowiec>
        </miejsce>        
        <miejsce>
            <numer>3</numer>
            <sportowiec>
                <imie>Martin</imie>
                <nazwisko>Weber</nazwisko>
                <kraj>Niemiecka Republika Demokratyczna</kraj>
            </sportowiec>
        </miejsce>                
    </zawody>
    <zawody>
        <rok>1979</rok>
        <miejsce>
            <numer>1</numer>
            <sportowiec>
                <imie>Pentti</imie>
                <nazwisko>Kokkonen</nazwisko>
                <kraj>Finlandia</kraj>
            </sportowiec>
        </miejsce>
        <miejsce>
            <numer>2</numer>
            <sportowiec>
                <imie>Hansjorg</imie>
                <nazwisko>Sumi</nazwisko>
                <kraj>Szwajcaria</kraj>
            </sportowiec>
        </miejsce>        
        <miejsce>
            <numer>3</numer>
            <sportowiec>
                <imie>Jochen</imie>
                <nazwisko>Danneberg</nazwisko>
                <kraj>Niemiecka Republika Demokratyczna</kraj>
            </sportowiec>
        </miejsce>                
    </zawody>
    <zawody>
        <rok>1980</rok>
        <miejsce>
            <numer>1</numer>
            <sportowiec>
                <imie>Hubert</imie>
                <nazwisko>Neuper</nazwisko>
                <kraj>Austria</kraj>
            </sportowiec>
        </miejsce>
        <miejsce>
            <numer>2</numer>
            <sportowiec>
                <imie>Henry</imie>
                <nazwisko>Glass</nazwisko>
                <kraj>Niemiecka Republika Demokratyczna</kraj>
            </sportowiec>
        </miejsce>        
        <miejsce>
            <numer>3</numer>
            <sportowiec>
                <imie>Martin</imie>
                <nazwisko>Weber</nazwisko>
                <kraj>Niemiecka Republika Demokratyczna</kraj>
            </sportowiec>
        </miejsce>                
    </zawody>
    <zawody>
        <rok>1981</rok>
        <miejsce>
            <numer>1</numer>
            <sportowiec>
                <imie>Hubert</imie>
                <nazwisko>Neuper</nazwisko>
                <kraj>Austria</kraj>
            </sportowiec>
        </miejsce>
        <miejsce>
            <numer>2</numer>
            <sportowiec>
                <imie>Armin</imie>
                <nazwisko>Kogler</nazwisko>
                <kraj>Austria</kraj>
            </sportowiec>
        </miejsce>        
        <miejsce>
            <numer>3</numer>
            <sportowiec>
                <imie>Jari</imie>
                <nazwisko>Puikkonen</nazwisko>
                <kraj>Finlandia</kraj>
            </sportowiec>
        </miejsce>                
    </zawody>
    <zawody>
        <rok>1982</rok>
        <miejsce>
            <numer>1</numer>
            <sportowiec>
                <imie>Manfred</imie>
                <nazwisko>Deckert</nazwisko>
                <kraj>Niemiecka Republika Demokratyczna</kraj>
            </sportowiec>
        </miejsce>
        <miejsce>
            <numer>2</numer>
            <sportowiec>
                <imie>Roger</imie>
                <nazwisko>Ruud</nazwisko>
                <kraj>Norwegia</kraj>
            </sportowiec>
        </miejsce>        
        <miejsce>
            <numer>3</numer>
            <sportowiec>
                <imie>Per</imie>
                <nazwisko>Bergerud</nazwisko>
                <kraj>Norwegia</kraj>
            </sportowiec>
        </miejsce>                
    </zawody>
    <zawody>
        <rok>1983</rok>
        <miejsce>
            <numer>1</numer>
            <sportowiec>
                <imie>Matti</imie>
                <nazwisko>Nykaenen</nazwisko>
                <kraj>Finlandia</kraj>
            </sportowiec>
        </miejsce>
        <miejsce>
            <numer>2</numer>
            <sportowiec>
                <imie>Jens</imie>
                <nazwisko>Weissflog</nazwisko>
                <kraj>Niemiecka Republika Demokratyczna</kraj>
            </sportowiec>
        </miejsce>        
        <miejsce>
            <numer>3</numer>
            <sportowiec>
                <imie>Horst</imie>
                <nazwisko>Bulau</nazwisko>
                <kraj>Kanada</kraj>
            </sportowiec>
        </miejsce>                
    </zawody>
    <zawody>
        <rok>1984</rok>
        <miejsce>
            <numer>1</numer>
            <sportowiec>
                <imie>Jens</imie>
                <nazwisko>Weissflog</nazwisko>
                <kraj>Niemiecka Republika Demokratyczna</kraj>
            </sportowiec>
        </miejsce>
        <miejsce>
            <numer>2</numer>
            <sportowiec>
                <imie>Klaus</imie>
                <nazwisko>Ostwald</nazwisko>
                <kraj>Niemiecka Republika Demokratyczna</kraj>
            </sportowiec>
        </miejsce>        
        <miejsce>
            <numer>3</numer>
            <sportowiec>
                <imie>Matti</imie>
                <nazwisko>Nykaenen</nazwisko>
                <kraj>Finlandia</kraj>
            </sportowiec>
        </miejsce>                
    </zawody>
    <zawody>
        <rok>1985</rok>
        <miejsce>
            <numer>1</numer>
            <sportowiec>
                <imie>Jens</imie>
                <nazwisko>Weissflog</nazwisko>
                <kraj>Niemiecka Republika Demokratyczna</kraj>
            </sportowiec>
        </miejsce>
        <miejsce>
            <numer>2</numer>
            <sportowiec>
                <imie>Matti</imie>
                <nazwisko>Nykaenen</nazwisko>
                <kraj>Finlandia</kraj>
            </sportowiec>
        </miejsce>        
        <miejsce>
            <numer>3</numer>
            <sportowiec>
                <imie>Klaus</imie>
                <nazwisko>Ostwald</nazwisko>
                <kraj>Niemiecka Republika Demokratyczna</kraj>
            </sportowiec>
        </miejsce>                
    </zawody>
    <zawody>
        <rok>1986</rok>
        <miejsce>
            <numer>1</numer>
            <sportowiec>
                <imie>Ernst</imie>
                <nazwisko>Vettori</nazwisko>
                <kraj>Austria</kraj>
            </sportowiec>
        </miejsce>
        <miejsce>
            <numer>2</numer>
            <sportowiec>
                <imie>Franz</imie>
                <nazwisko>Neulaendtner</nazwisko>
                <kraj>Austria</kraj>
            </sportowiec>
        </miejsce>        
        <miejsce>
            <numer>3</numer>
            <sportowiec>
                <imie>Jari</imie>
                <nazwisko>Puikkonen</nazwisko>
                <kraj>Finlandia</kraj>
            </sportowiec>
        </miejsce>                
    </zawody>
    <zawody>
        <rok>1987</rok>
        <miejsce>
            <numer>1</numer>
            <sportowiec>
                <imie>Ernst</imie>
                <nazwisko>Vettori</nazwisko>
                <kraj>Austria</kraj>
            </sportowiec>
        </miejsce>
        <miejsce>
            <numer>2</numer>
            <sportowiec>
                <imie>Vegard</imie>
                <nazwisko>Opaas</nazwisko>
                <kraj>Norwegia</kraj>
            </sportowiec>
        </miejsce>        
        <miejsce>
            <numer>3</numer>
            <sportowiec>
                <imie>Ulf</imie>
                <nazwisko>Findeisen</nazwisko>
                <kraj>Niemiecka Republika Demokratyczna</kraj>
            </sportowiec>
        </miejsce>                
    </zawody>
    <zawody>
        <rok>1988</rok>
        <miejsce>
            <numer>1</numer>
            <sportowiec>
                <imie>Matti</imie>
                <nazwisko>Nykaenen</nazwisko>
                <kraj>Finlandia</kraj>
            </sportowiec>
        </miejsce>
        <miejsce>
            <numer>2</numer>
            <sportowiec>
                <imie>Jens</imie>
                <nazwisko>Weissflog</nazwisko>
                <kraj>Niemiecka Republika Demokratyczna</kraj>
            </sportowiec>
        </miejsce>        
        <miejsce>
            <numer>3</numer>
            <sportowiec>
                <imie>Jiri</imie>
                <nazwisko>Parma</nazwisko>
                <kraj>Czechosłowacja</kraj>
            </sportowiec>
        </miejsce>                
    </zawody>
    <zawody>
        <rok>1989</rok>
        <miejsce>
            <numer>1</numer>
            <sportowiec>
                <imie>Risto</imie>
                <nazwisko>Laakonen</nazwisko>
                <kraj>Finlandia</kraj>
            </sportowiec>
        </miejsce>
        <miejsce>
            <numer>2</numer>
            <sportowiec>
                <imie>Matti</imie>
                <nazwisko>Nykaenen</nazwisko>
                <kraj>Finlandia</kraj>
            </sportowiec>
        </miejsce>        
        <miejsce>
            <numer>2</numer>
            <sportowiec>
                <imie>Jens</imie>
                <nazwisko>Weissflog</nazwisko>
                <kraj>Niemiecka Republika Demokratyczna</kraj>
            </sportowiec>
        </miejsce>                
    </zawody>
    <zawody>
        <rok>1990</rok>
        <miejsce>
            <numer>1</numer>
            <sportowiec>
                <imie>Dieter</imie>
                <nazwisko>Thoma</nazwisko>
                <kraj>Republika Federalna Niemiec</kraj>
            </sportowiec>
        </miejsce>
        <miejsce>
            <numer>2</numer>
            <sportowiec>
                <imie>Frantisek</imie>
                <nazwisko>Jez</nazwisko>
                <kraj>Czechosłowacja</kraj>
            </sportowiec>
        </miejsce>        
        <miejsce>
            <numer>3</numer>
            <sportowiec>
                <imie>Jens</imie>
                <nazwisko>Weissflog</nazwisko>
                <kraj>Niemiecka Republika Demokratyczna</kraj>
            </sportowiec>
        </miejsce>                
    </zawody>
    <zawody>
        <rok>1991</rok>
        <miejsce>
            <numer>1</numer>
            <sportowiec>
                <imie>Jens</imie>
                <nazwisko>Weissflog</nazwisko>
                <kraj>Niemcy</kraj>
            </sportowiec>
        </miejsce>
        <miejsce>
            <numer>2</numer>
            <sportowiec>
                <imie>Andreas</imie>
                <nazwisko>Felder</nazwisko>
                <kraj>Austria</kraj>
            </sportowiec>
        </miejsce>        
        <miejsce>
            <numer>3</numer>
            <sportowiec>
                <imie>Dieter</imie>
                <nazwisko>Thoma</nazwisko>
                <kraj>Niemcy</kraj>
            </sportowiec>
        </miejsce>                
    </zawody>
    <zawody>
        <rok>1992</rok>
        <miejsce>
            <numer>1</numer>
            <sportowiec>
                <imie>Toni</imie>
                <nazwisko>Nieminen</nazwisko>
                <kraj>Finlandia</kraj>
            </sportowiec>
        </miejsce>
        <miejsce>
            <numer>2</numer>
            <sportowiec>
                <imie>Martin</imie>
                <nazwisko>Hoellwarth</nazwisko>
                <kraj>Austria</kraj>
            </sportowiec>
        </miejsce>        
        <miejsce>
            <numer>3</numer>
            <sportowiec>
                <imie>Werner</imie>
                <nazwisko>Rathmayr</nazwisko>
                <kraj>Austria</kraj>
            </sportowiec>
        </miejsce>                
    </zawody>
    <zawody>
        <rok>1993</rok>
        <miejsce>
            <numer>1</numer>
            <sportowiec>
                <imie>Andreas</imie>
                <nazwisko>Goldberger</nazwisko>
                <kraj>Austria</kraj>
            </sportowiec>
        </miejsce>
        <miejsce>
            <numer>2</numer>
            <sportowiec>
                <imie>Noriaki</imie>
                <nazwisko>Kasai</nazwisko>
                <kraj>Japonia</kraj>
            </sportowiec>
        </miejsce>        
        <miejsce>
            <numer>3</numer>
            <sportowiec>
                <imie>Jaroslav</imie>
                <nazwisko>Sakala</nazwisko>
                <kraj>Czechy</kraj>
            </sportowiec>
        </miejsce>                
    </zawody>
    <zawody>
        <rok>1994</rok>
        <miejsce>
            <numer>1</numer>
            <sportowiec>
                <imie>Espen</imie>
                <nazwisko>Bredesen</nazwisko>
                <kraj>Norwegia</kraj>
            </sportowiec>
        </miejsce>
        <miejsce>
            <numer>2</numer>
            <sportowiec>
                <imie>Jens</imie>
                <nazwisko>Weissflog</nazwisko>
                <kraj>Niemcy</kraj>
            </sportowiec>
        </miejsce>        
        <miejsce>
            <numer>3</numer>
            <sportowiec>
                <imie>Andreas</imie>
                <nazwisko>Goldberger</nazwisko>
                <kraj>Austria</kraj>
            </sportowiec>
        </miejsce>                
    </zawody>
    <zawody>
        <rok>1995</rok>
        <miejsce>
            <numer>1</numer>
            <sportowiec>
                <imie>Andreas</imie>
                <nazwisko>Goldberger</nazwisko>
                <kraj>Austria</kraj>
            </sportowiec>
        </miejsce>
        <miejsce>
            <numer>2</numer>
            <sportowiec>
                <imie>Kazuyoshi</imie>
                <nazwisko>Funaki</nazwisko>
                <kraj>Japonia</kraj>
            </sportowiec>
        </miejsce>        
        <miejsce>
            <numer>3</numer>
            <sportowiec>
                <imie>Janne</imie>
                <nazwisko>Ahonen</nazwisko>
                <kraj>Finlandia</kraj>
            </sportowiec>
        </miejsce>                
    </zawody>
    <zawody>
        <rok>1996</rok>
        <miejsce>
            <numer>1</numer>
            <sportowiec>
                <imie>Jens</imie>
                <nazwisko>Weissflog</nazwisko>
                <kraj>Niemcy</kraj>
            </sportowiec>
        </miejsce>
        <miejsce>
            <numer>2</numer>
            <sportowiec>
                <imie>Ari-Pekka</imie>
                <nazwisko>Nikkola</nazwisko>
                <kraj>Finlandia</kraj>
            </sportowiec>
        </miejsce>        
        <miejsce>
            <numer>3</numer>
            <sportowiec>
                <imie>Reinhard</imie>
                <nazwisko>Schwarzenberger</nazwisko>
                <kraj>Austria</kraj>
            </sportowiec>
        </miejsce>                
    </zawody>
    <zawody>
        <rok>1997</rok>
        <miejsce>
            <numer>1</numer>
            <sportowiec>
                <imie>Primoz</imie>
                <nazwisko>Peterka</nazwisko>
                <kraj>Słowenia</kraj>
            </sportowiec>
        </miejsce>
        <miejsce>
            <numer>2</numer>
            <sportowiec>
                <imie>Andreas</imie>
                <nazwisko>Goldberger</nazwisko>
                <kraj>Austria</kraj>
            </sportowiec>
        </miejsce>        
        <miejsce>
            <numer>3</numer>
            <sportowiec>
                <imie>Dieter</imie>
                <nazwisko>Thoma</nazwisko>
                <kraj>Niemcy</kraj>
            </sportowiec>
        </miejsce>                
    </zawody>
    <zawody>
        <rok>1998</rok>
        <miejsce>
            <numer>1</numer>
            <sportowiec>
                <imie>Kazuyoshi</imie>
                <nazwisko>Funaki</nazwisko>
                <kraj>Japonia</kraj>
            </sportowiec>
        </miejsce>
        <miejsce>
            <numer>2</numer>
            <sportowiec>
                <imie>Sven</imie>
                <nazwisko>Hannawald</nazwisko>
                <kraj>Niemcy</kraj>
            </sportowiec>
        </miejsce>        
        <miejsce>
            <numer>3</numer>
            <sportowiec>
                <imie>Janne</imie>
                <nazwisko>Ahonen</nazwisko>
                <kraj>Finlandia</kraj>
            </sportowiec>
        </miejsce>                
    </zawody>
    <zawody>
        <rok>1999</rok>
        <miejsce>
            <numer>1</numer>
            <sportowiec>
                <imie>Janne</imie>
                <nazwisko>Ahonen</nazwisko>
                <kraj>Finlandia</kraj>
            </sportowiec>
        </miejsce>
        <miejsce>
            <numer>2</numer>
            <sportowiec>
                <imie>Noriaki</imie>
                <nazwisko>Kasai</nazwisko>
                <kraj>Japonia</kraj>
            </sportowiec>
        </miejsce>        
        <miejsce>
            <numer>3</numer>
            <sportowiec>
                <imie>Hideharu</imie>
                <nazwisko>Miyahira</nazwisko>
                <kraj>Japonia</kraj>
            </sportowiec>
        </miejsce>                
    </zawody>
    <zawody>
        <rok>2000</rok>
        <miejsce>
            <numer>1</numer>
            <sportowiec>
                <imie>Andreas</imie>
                <nazwisko>Widholzl</nazwisko>
                <kraj>Austria</kraj>
            </sportowiec>
        </miejsce>
        <miejsce>
            <numer>2</numer>
            <sportowiec>
                <imie>Janne</imie>
                <nazwisko>Ahonen</nazwisko>
                <kraj>Finlandia</kraj>
            </sportowiec>
        </miejsce>        
        <miejsce>
            <numer>3</numer>
            <sportowiec>
                <imie>Martin</imie>
                <nazwisko>Schmitt</nazwisko>
                <kraj>Niemcy</kraj>
            </sportowiec>
        </miejsce>                
    </zawody>
    <zawody>
        <rok>2001</rok>
        <miejsce>
            <numer>1</numer>
            <sportowiec>
                <imie>Adam</imie>
                <nazwisko>Małysz</nazwisko>
                <kraj>Polska</kraj>
            </sportowiec>
        </miejsce>
        <miejsce>
            <numer>2</numer>
            <sportowiec>
                <imie>Janne</imie>
                <nazwisko>Ahonen</nazwisko>
                <kraj>Finlandia</kraj>
            </sportowiec>
        </miejsce>        
        <miejsce>
            <numer>3</numer>
            <sportowiec>
                <imie>Martin</imie>
                <nazwisko>Schmitt</nazwisko>
                <kraj>Niemcy</kraj>
            </sportowiec>
        </miejsce>                
    </zawody>
    <zawody>
        <rok>2002</rok>
        <miejsce>
            <numer>1</numer>
            <sportowiec>
                <imie>Sven</imie>
                <nazwisko>Hannawald</nazwisko>
                <kraj>Niemcy</kraj>
            </sportowiec>
        </miejsce>
        <miejsce>
            <numer>2</numer>
            <sportowiec>
                <imie>Matti</imie>
                <nazwisko>Hautamaki</nazwisko>
                <kraj>Finlandia</kraj>
            </sportowiec>
        </miejsce>        
        <miejsce>
            <numer>3</numer>
            <sportowiec>
                <imie>Martin</imie>
                <nazwisko>Hoellwarth</nazwisko>
                <kraj>Austria</kraj>
            </sportowiec>
        </miejsce>                
    </zawody>
    <zawody>
        <rok>2003</rok>
        <miejsce>
            <numer>1</numer>
            <sportowiec>
                <imie>Janne</imie>
                <nazwisko>Ahonen</nazwisko>
                <kraj>Finlandia</kraj>
            </sportowiec>
        </miejsce>
        <miejsce>
            <numer>2</numer>
            <sportowiec>
                <imie>Sven</imie>
                <nazwisko>Hannawald</nazwisko>
                <kraj>Niemcy</kraj>
            </sportowiec>
        </miejsce>        
        <miejsce>
            <numer>3</numer>
            <sportowiec>
                <imie>Adam</imie>
                <nazwisko>Małysz</nazwisko>
                <kraj>Polska</kraj>
            </sportowiec>
        </miejsce>                
    </zawody>
    <zawody>
        <rok>2004</rok>
        <miejsce>
            <numer>1</numer>
            <sportowiec>
                <imie>Sigurd</imie>
                <nazwisko>Pettersen</nazwisko>
                <kraj>Norwegia</kraj>
            </sportowiec>
        </miejsce>
        <miejsce>
            <numer>2</numer>
            <sportowiec>
                <imie>Martin</imie>
                <nazwisko>Hoellwarth</nazwisko>
                <kraj>Austria</kraj>
            </sportowiec>
        </miejsce>        
        <miejsce>
            <numer>3</numer>
            <sportowiec>
                <imie>Peter</imie>
                <nazwisko>Zonta</nazwisko>
                <kraj>Słowenia</kraj>
            </sportowiec>
        </miejsce>                
    </zawody>
    <zawody>
        <rok>2005</rok>
        <miejsce>
            <numer>1</numer>
            <sportowiec>
                <imie>Janne</imie>
                <nazwisko>Ahonen</nazwisko>
                <kraj>Finlandia</kraj>
            </sportowiec>
        </miejsce>
        <miejsce>
            <numer>2</numer>
            <sportowiec>
                <imie>Martin</imie>
                <nazwisko>Hoellwarth</nazwisko>
                <kraj>Austria</kraj>
            </sportowiec>
        </miejsce>        
        <miejsce>
            <numer>3</numer>
            <sportowiec>
                <imie>Thomas</imie>
                <nazwisko>Morgenstern</nazwisko>
                <kraj>Austria</kraj>
            </sportowiec>
        </miejsce>                
    </zawody>
    <zawody>
        <rok>2006</rok>
        <miejsce>
            <numer>1</numer>
            <sportowiec>
                <imie>Janne</imie>
                <nazwisko>Ahonen</nazwisko>
                <kraj>Finlandia</kraj>
            </sportowiec>
        </miejsce>
        <miejsce>
            <numer>1</numer>
            <sportowiec>
                <imie>Jakub</imie>
                <nazwisko>Janda</nazwisko>
                <kraj>Czechy</kraj>
            </sportowiec>
        </miejsce>        
        <miejsce>
            <numer>3</numer>
            <sportowiec>
                <imie>Roar</imie>
                <nazwisko>Ljokelsoy</nazwisko>
                <kraj>Norwegia</kraj>
            </sportowiec>
        </miejsce>                
    </zawody>
    <zawody>
        <rok>2007</rok>
        <miejsce>
            <numer>1</numer>
            <sportowiec>
                <imie>Anders</imie>
                <nazwisko>Jacobsen</nazwisko>
                <kraj>Norwegia</kraj>
            </sportowiec>
        </miejsce>
        <miejsce>
            <numer>2</numer>
            <sportowiec>
                <imie>Gregor</imie>
                <nazwisko>Schlierenzauer</nazwisko>
                <kraj>Austria</kraj>
            </sportowiec>
        </miejsce>        
        <miejsce>
            <numer>2</numer>
            <sportowiec>
                <imie>Simon</imie>
                <nazwisko>Amman</nazwisko>
                <kraj>Szwajcaria</kraj>
            </sportowiec>
        </miejsce>                
    </zawody>
</turniejCzterechSkocznii>