<?xml version="1.0" encoding="utf-8"?>
<owoce>
    <owoc>jabłko</owoc>
    <owoc>gruszka</owoc>
    <owoc>banan</owoc>
    <owoc>kiwi</owoc>
    <owoc>mango</owoc>
    <owoc>marakuja</owoc>
    <owoc>czarna porzeczka</owoc>
    <owoc>czerwona porzeczka</owoc>
    <owoc>śliwka</owoc>
    <owoc>jagoda</owoc>
    <owoc>malina</owoc>
    <owoc>truskawka</owoc>
    <owoc>jeżyna</owoc>
    <owoc>poziomka</owoc>
    <owoc>wiśnia</owoc>
    <owoc>czereśnia</owoc>
    <owoc>mirabelka</owoc>
    <owoc>pomarańcza</owoc>
    <owoc>mandarynka</owoc>
    <owoc>grejpfrut</owoc>
    <owoc>ananas</owoc>
    <owoc>orzech laskowy</owoc>
    <owoc>kokos</owoc>
    <owoc>orzech włoski</owoc>
    <owoc>orzech ziemny</owoc>
    <owoc>daktyl</owoc>
    <owoc>figa</owoc>
    <owoc>oliwka</owoc>
    <owoc>brzoskwinia</owoc>
    <owoc>morela</owoc>
</owoce>