<?xml version="1.0" encoding="utf-8"?>
<mecze>

  <mecz>
    <kolejka>1</kolejka>
    <gospodarz>Widzew Łódź</gospodarz>
    <przeciwnik>Świt Nowy Dwór Mazowiecki</przeciwnik>    
    <wynik>    
        <gospodarz>2</gospodarz>
	<przeciwnik>2</przeciwnik>    
    </wynik>                
    <wynikDoPrzerwy>
        <gospodarz>2</gospodarz>
	<przeciwnik>0</przeciwnik>
    </wynikDoPrzerwy>	
    <data>
        <rok>2003</rok>
	<miesiac>8</miesiac>
	<dzien>9</dzien>
        <godzina>19</godzina>    	
        <minuta>00</minuta>
    </data>	
    <sedziaGlowny>
        <imie>Leszek</imie>
        <nazwisko>Gawron</nazwisko>
	<miasto>Rzeszów</miasto>
    </sedziaGlowny>
    <sedziowieLiniowi>
        <sedzia>
            <imie>Tadeusz</imie>
	    <nazwisko>Gancarz</nazwisko>
	</sedzia>
        <sedzia>
            <imie>Tomasz</imie>
	    <nazwisko>Kukowski</nazwisko>
	</sedzia>
    </sedziowieLiniowi>
    <widownia>5000</widownia>	
  </mecz>
  

  <mecz>
    <kolejka>1</kolejka>
    <gospodarz>Dospel Katowice</gospodarz>
    <przeciwnik>Groclin Dyskobolia</przeciwnik>    
    <wynik>    
        <gospodarz>0</gospodarz>
	<przeciwnik>4</przeciwnik>    
    </wynik>                
    <wynikDoPrzerwy>
        <gospodarz>0</gospodarz>
	<przeciwnik>2</przeciwnik>
    </wynikDoPrzerwy>	
    <data>
        <rok>2003</rok>
	<miesiac>8</miesiac>
	<dzien>8</dzien>
        <godzina>20</godzina>    	
        <minuta>00</minuta>
    </data>	
    <sedziaGlowny>
        <imie>Grzegorz</imie>
        <nazwisko>Gilewski</nazwisko>
	<miasto>Radom</miasto>
    </sedziaGlowny>
    <sedziowieLiniowi>
        <sedzia>
            <imie>Konrad</imie>
	    <nazwisko>Sapela</nazwisko>
	</sedzia>
        <sedzia>
            <imie>Tomasz</imie>
	    <nazwisko>Smoliński</nazwisko>
	</sedzia>
    </sedziowieLiniowi>
    <widownia>5500</widownia>	
  </mecz>
  

  <mecz>
    <kolejka>1</kolejka>
    <gospodarz>Górnik Łęczna</gospodarz>
    <przeciwnik>Wisła Płock</przeciwnik>    
    <wynik>    
        <gospodarz>3</gospodarz>
	<przeciwnik>1</przeciwnik>    
    </wynik>                
    <wynikDoPrzerwy>
        <gospodarz>1</gospodarz>
	<przeciwnik>0</przeciwnik>
    </wynikDoPrzerwy>	
    <data>
        <rok>2003</rok>
	<miesiac>8</miesiac>
	<dzien>9</dzien>
        <godzina>17</godzina>    	
        <minuta>30</minuta>
    </data>	
    <sedziaGlowny>
        <imie>Krzysztof</imie>
        <nazwisko>Zdunek</nazwisko>
	<miasto>Łódź</miasto>
    </sedziaGlowny>
    <sedziowieLiniowi>
        <sedzia>
            <imie>Tomasz</imie>
	    <nazwisko>Rusek</nazwisko>
	</sedzia>
        <sedzia>
            <imie>Radosław</imie>
	    <nazwisko>Siejka</nazwisko>
	</sedzia>
    </sedziowieLiniowi>
    <widownia>4000</widownia>	
  </mecz>
  

  <mecz>
    <kolejka>1</kolejka>
    <gospodarz>Górnik Polkowice</gospodarz>
    <przeciwnik>Wisła Kraków</przeciwnik>    
    <wynik>    
        <gospodarz>0</gospodarz>
	<przeciwnik>2</przeciwnik>    
    </wynik>                
    <wynikDoPrzerwy>
        <gospodarz>0</gospodarz>
	<przeciwnik>2</przeciwnik>
    </wynikDoPrzerwy>	
    <data>
        <rok>2003</rok>
	<miesiac>8</miesiac>
	<dzien>9</dzien>
        <godzina>17</godzina>    	
        <minuta>00</minuta>
    </data>	
    <sedziaGlowny>
        <imie>Piotr</imie>
        <nazwisko>Święs</nazwisko>
	<miasto>Katowice</miasto>
    </sedziaGlowny>
    <sedziowieLiniowi>
        <sedzia>
            <imie>Krzysztof</imie>
	    <nazwisko>Myrmus</nazwisko>
	</sedzia>
        <sedzia>
            <imie>Marcin</imie>
	    <nazwisko>Lis</nazwisko>
	</sedzia>
    </sedziowieLiniowi>
    <widownia>3500</widownia>	
  </mecz>
  

  <mecz>
    <kolejka>1</kolejka>
    <gospodarz>Lech Poznań</gospodarz>
    <przeciwnik>Górnik Zabrze</przeciwnik>    
    <wynik>    
        <gospodarz>1</gospodarz>
	<przeciwnik>2</przeciwnik>    
    </wynik>                
    <wynikDoPrzerwy>
        <gospodarz>1</gospodarz>
	<przeciwnik>1</przeciwnik>
    </wynikDoPrzerwy>	
    <data>
        <rok>2003</rok>
	<miesiac>8</miesiac>
	<dzien>9</dzien>
        <godzina>19</godzina>    	
        <minuta>00</minuta>
    </data>	
    <sedziaGlowny>
        <imie>Tomasz</imie>
        <nazwisko>Mikulski</nazwisko>
	<miasto>Lublin</miasto>
    </sedziaGlowny>
    <sedziowieLiniowi>
        <sedzia>
            <imie>Piotr</imie>
	    <nazwisko>Sadczuk</nazwisko>
	</sedzia>
        <sedzia>
            <imie>Andrzej</imie>
	    <nazwisko>Kuśmierczuk</nazwisko>
	</sedzia>
    </sedziowieLiniowi>
    <widownia>16000</widownia>	
  </mecz>
  

  <mecz>
    <kolejka>1</kolejka>
    <gospodarz>Amica Wronki</gospodarz>
    <przeciwnik>Polonia Warszawa</przeciwnik>    
    <wynik>    
        <gospodarz>2</gospodarz>
	<przeciwnik>0</przeciwnik>    
    </wynik>                
    <wynikDoPrzerwy>
        <gospodarz>1</gospodarz>
	<przeciwnik>0</przeciwnik>
    </wynikDoPrzerwy>	
    <data>
        <rok>2003</rok>
	<miesiac>8</miesiac>
	<dzien>9</dzien>
        <godzina>19</godzina>    	
        <minuta>00</minuta>
    </data>	
    <sedziaGlowny>
        <imie>Tomasz</imie>
        <nazwisko>Pacuda</nazwisko>
	<miasto>Częstochowa</miasto>
    </sedziaGlowny>
    <sedziowieLiniowi>
        <sedzia>
            <imie>Maciej</imie>
	    <nazwisko>Wierzbowski</nazwisko>
	</sedzia>
        <sedzia>
            <imie>Piotr</imie>
	    <nazwisko>Musialik</nazwisko>
	</sedzia>
    </sedziowieLiniowi>
    <widownia>1000</widownia>	
  </mecz>
  

  <mecz>
    <kolejka>1</kolejka>
    <gospodarz>Odra Wodzisław Śląski</gospodarz>
    <przeciwnik>Legia Warszawa</przeciwnik>    
    <wynik>    
        <gospodarz>1</gospodarz>
	<przeciwnik>1</przeciwnik>    
    </wynik>                
    <wynikDoPrzerwy>
        <gospodarz>1</gospodarz>
	<przeciwnik>1</przeciwnik>
    </wynikDoPrzerwy>	
    <data>
        <rok>2003</rok>
	<miesiac>8</miesiac>
	<dzien>10</dzien>
        <godzina>17</godzina>    	
        <minuta>30</minuta>
    </data>	
    <sedziaGlowny>
        <imie>Krzysztof</imie>
        <nazwisko>Słupik</nazwisko>
	<miasto>Tarnów</miasto>
    </sedziaGlowny>
    <sedziowieLiniowi>
        <sedzia>
            <imie>Mariusz</imie>
	    <nazwisko>Kowalski</nazwisko>
	</sedzia>
        <sedzia>
            <imie>Dariusz</imie>
	    <nazwisko>Wardak</nazwisko>
	</sedzia>
    </sedziowieLiniowi>
    <widownia>5000</widownia>	
  </mecz>
  

  <mecz>
    <kolejka>2</kolejka>
    <gospodarz>Amica Wronki</gospodarz>
    <przeciwnik>Lech Poznań</przeciwnik>    
    <wynik>    
        <gospodarz>1</gospodarz>
	<przeciwnik>0</przeciwnik>    
    </wynik>                
    <wynikDoPrzerwy>
        <gospodarz>0</gospodarz>
	<przeciwnik>0</przeciwnik>
    </wynikDoPrzerwy>	
    <data>
        <rok>2003</rok>
	<miesiac>8</miesiac>
	<dzien>15</dzien>
        <godzina>20</godzina>    	
        <minuta>00</minuta>
    </data>	
    <sedziaGlowny>
        <imie>Mirosław</imie>
        <nazwisko>Ryszka</nazwisko>
	<miasto>Warszawa</miasto>
    </sedziaGlowny>
    <sedziowieLiniowi>
        <sedzia>
            <imie>Andrzej</imie>
	    <nazwisko>Dzik</nazwisko>
	</sedzia>
        <sedzia>
            <imie>Maciej</imie>
	    <nazwisko>Szymanik</nazwisko>
	</sedzia>
    </sedziowieLiniowi>
    <widownia>5000</widownia>	
  </mecz>
  

  <mecz>
    <kolejka>2</kolejka>
    <gospodarz>Wisła Kraków</gospodarz>
    <przeciwnik>Świt Nowy Dwór Mazowiecki</przeciwnik>    
    <wynik>    
        <gospodarz>4</gospodarz>
	<przeciwnik>0</przeciwnik>    
    </wynik>                
    <wynikDoPrzerwy>
        <gospodarz>3</gospodarz>
	<przeciwnik>0</przeciwnik>
    </wynikDoPrzerwy>	
    <data>
        <rok>2003</rok>
	<miesiac>8</miesiac>
	<dzien>16</dzien>
        <godzina>20</godzina>    	
        <minuta>15</minuta>
    </data>	
    <sedziaGlowny>
        <imie>Jarosław</imie>
        <nazwisko>Żyro</nazwisko>
	<miasto>Bydgoszcz</miasto>
    </sedziaGlowny>
    <sedziowieLiniowi>
        <sedzia>
            <imie>Dariusz</imie>
	    <nazwisko>Wardak</nazwisko>
	</sedzia>
        <sedzia>
            <imie>Dariusz</imie>
	    <nazwisko>Ignatowicz</nazwisko>
	</sedzia>
    </sedziowieLiniowi>
    <widownia>7000</widownia>	
  </mecz>
  

  <mecz>
    <kolejka>2</kolejka>
    <gospodarz>Górnik Zabrze</gospodarz>
    <przeciwnik>Górnik Polkowice</przeciwnik>    
    <wynik>    
        <gospodarz>1</gospodarz>
	<przeciwnik>0</przeciwnik>    
    </wynik>                
    <wynikDoPrzerwy>
        <gospodarz>0</gospodarz>
	<przeciwnik>0</przeciwnik>
    </wynikDoPrzerwy>	
    <data>
        <rok>2003</rok>
	<miesiac>8</miesiac>
	<dzien>16</dzien>
        <godzina>19</godzina>    	
        <minuta>00</minuta>
    </data>	
    <sedziaGlowny>
        <imie>Grzegorz</imie>
        <nazwisko>Gilewski</nazwisko>
	<miasto>Radom</miasto>
    </sedziaGlowny>
    <sedziowieLiniowi>
        <sedzia>
            <imie>Konrad</imie>
	    <nazwisko>Sapela</nazwisko>
	</sedzia>
        <sedzia>
            <imie>Tomasz</imie>
	    <nazwisko>Smoliński</nazwisko>
	</sedzia>
    </sedziowieLiniowi>
    <widownia>5330</widownia>	
  </mecz>
  

  <mecz>
    <kolejka>2</kolejka>
    <gospodarz>Legia Warszawa</gospodarz>
    <przeciwnik>Górnik Łęczna</przeciwnik>    
    <wynik>    
        <gospodarz>0</gospodarz>
	<przeciwnik>0</przeciwnik>    
    </wynik>                
    <wynikDoPrzerwy>
        <gospodarz>0</gospodarz>
	<przeciwnik>0</przeciwnik>
    </wynikDoPrzerwy>	
    <data>
        <rok>2003</rok>
	<miesiac>8</miesiac>
	<dzien>16</dzien>
        <godzina>19</godzina>    	
        <minuta>00</minuta>
    </data>	
    <sedziaGlowny>
        <imie>Piotr</imie>
        <nazwisko>Siedlecki</nazwisko>
	<miasto>Szczecin</miasto>
    </sedziaGlowny>
    <sedziowieLiniowi>
        <sedzia>
            <imie>Andrzej</imie>
	    <nazwisko>Jaremko</nazwisko>
	</sedzia>
        <sedzia>
            <imie>Radosław</imie>
	    <nazwisko>Siejka</nazwisko>
	</sedzia>
    </sedziowieLiniowi>
    <widownia>9000</widownia>	
  </mecz>
  

  <mecz>
    <kolejka>2</kolejka>
    <gospodarz>Widzew Łódź</gospodarz>
    <przeciwnik>Dospel Katowice</przeciwnik>    
    <wynik>    
        <gospodarz>1</gospodarz>
	<przeciwnik>2</przeciwnik>    
    </wynik>                
    <wynikDoPrzerwy>
        <gospodarz>0</gospodarz>
	<przeciwnik>1</przeciwnik>
    </wynikDoPrzerwy>	
    <data>
        <rok>2003</rok>
	<miesiac>8</miesiac>
	<dzien>17</dzien>
        <godzina>17</godzina>    	
        <minuta>00</minuta>
    </data>	
    <sedziaGlowny>
        <imie>Robert</imie>
        <nazwisko>Werder</nazwisko>
	<miasto>Warszawa</miasto>
    </sedziaGlowny>
    <sedziowieLiniowi>
        <sedzia>
            <imie>Rafał</imie>
	    <nazwisko>Rostkowski</nazwisko>
	</sedzia>
        <sedzia>
            <imie>Jacek</imie>
	    <nazwisko>Gudyń</nazwisko>
	</sedzia>
    </sedziowieLiniowi>
    <widownia>4500</widownia>	
  </mecz>
  

  <mecz>
    <kolejka>2</kolejka>
    <gospodarz>Groclin Dyskobolia</gospodarz>
    <przeciwnik>Odra Wodzisław Śląski</przeciwnik>    
    <wynik>    
        <gospodarz>4</gospodarz>
	<przeciwnik>0</przeciwnik>    
    </wynik>                
    <wynikDoPrzerwy>
        <gospodarz>1</gospodarz>
	<przeciwnik>0</przeciwnik>
    </wynikDoPrzerwy>	
    <data>
        <rok>2003</rok>
	<miesiac>8</miesiac>
	<dzien>17</dzien>
        <godzina>19</godzina>    	
        <minuta>15</minuta>
    </data>	
    <sedziaGlowny>
        <imie>Antoni</imie>
        <nazwisko>Fijarczyk</nazwisko>
	<miasto>Rzeszów</miasto>
    </sedziaGlowny>
    <sedziowieLiniowi>
        <sedzia>
            <imie>Tadeusz</imie>
	    <nazwisko>Gancarz</nazwisko>
	</sedzia>
        <sedzia>
            <imie>Paweł</imie>
	    <nazwisko>Gawroński</nazwisko>
	</sedzia>
    </sedziowieLiniowi>
    <widownia>4000</widownia>	
  </mecz>
  

  <mecz>
    <kolejka>2</kolejka>
    <gospodarz>Wisła Płock</gospodarz>
    <przeciwnik>Polonia Warszawa</przeciwnik>    
    <wynik>    
        <gospodarz>0</gospodarz>
	<przeciwnik>0</przeciwnik>    
    </wynik>                
    <wynikDoPrzerwy>
        <gospodarz>0</gospodarz>
	<przeciwnik>0</przeciwnik>
    </wynikDoPrzerwy>	
    <data>
        <rok>2003</rok>
	<miesiac>8</miesiac>
	<dzien>17</dzien>
        <godzina>17</godzina>    	
        <minuta>00</minuta>
    </data>	
    <sedziaGlowny>
        <imie>Robert</imie>
        <nazwisko>Małek</nazwisko>
	<miasto>Katowice</miasto>
    </sedziaGlowny>
    <sedziowieLiniowi>
        <sedzia>
            <imie>Krzysztof</imie>
	    <nazwisko>Myrmus</nazwisko>
	</sedzia>
        <sedzia>
            <imie>Marcin</imie>
	    <nazwisko>Lis</nazwisko>
	</sedzia>
    </sedziowieLiniowi>
    <widownia>4000</widownia>	
  </mecz>
  

  <mecz>
    <kolejka>3</kolejka>
    <gospodarz>Dospel Katowice</gospodarz>
    <przeciwnik>Świt Nowy Dwór Mazowiecki</przeciwnik>    
    <wynik>    
        <gospodarz>0</gospodarz>
	<przeciwnik>0</przeciwnik>    
    </wynik>                
    <wynikDoPrzerwy>
        <gospodarz>0</gospodarz>
	<przeciwnik>0</przeciwnik>
    </wynikDoPrzerwy>	
    <data>
        <rok>2003</rok>
	<miesiac>8</miesiac>
	<dzien>23</dzien>
        <godzina>19</godzina>    	
        <minuta>00</minuta>
    </data>	
    <sedziaGlowny>
        <imie>Zdzisław</imie>
        <nazwisko>Bakaluk</nazwisko>
	<miasto>Olsztyn</miasto>
    </sedziaGlowny>
    <sedziowieLiniowi>
        <sedzia>
            <imie>Radosław</imie>
	    <nazwisko>Siejka</nazwisko>
	</sedzia>
        <sedzia>
            <imie>Mariusz</imie>
	    <nazwisko>Wiśniewski</nazwisko>
	</sedzia>
    </sedziowieLiniowi>
    <widownia>3500</widownia>	
  </mecz>
  

  <mecz>
    <kolejka>3</kolejka>
    <gospodarz>Odra Wodzisław Śląski</gospodarz>
    <przeciwnik>Widzew Łódź</przeciwnik>    
    <wynik>    
        <gospodarz>1</gospodarz>
	<przeciwnik>0</przeciwnik>    
    </wynik>                
    <wynikDoPrzerwy>
        <gospodarz>1</gospodarz>
	<przeciwnik>0</przeciwnik>
    </wynikDoPrzerwy>	
    <data>
        <rok>2003</rok>
	<miesiac>8</miesiac>
	<dzien>23</dzien>
        <godzina>19</godzina>    	
        <minuta>00</minuta>
    </data>	
    <sedziaGlowny>
        <imie>Tomasz</imie>
        <nazwisko>Cwalina</nazwisko>
	<miasto>Gdańsk</miasto>
    </sedziaGlowny>
    <sedziowieLiniowi>
        <sedzia>
            <imie>Piotr</imie>
	    <nazwisko>Cwalina</nazwisko>
	</sedzia>
        <sedzia>
            <imie>Dariusz</imie>
	    <nazwisko>Wardak</nazwisko>
	</sedzia>
    </sedziowieLiniowi>
    <widownia>3500</widownia>	
  </mecz>
  

  <mecz>
    <kolejka>3</kolejka>
    <gospodarz>Górnik Łęczna</gospodarz>
    <przeciwnik>Groclin Dyskobolia</przeciwnik>    
    <wynik>    
        <gospodarz>1</gospodarz>
	<przeciwnik>0</przeciwnik>    
    </wynik>                
    <wynikDoPrzerwy>
        <gospodarz>0</gospodarz>
	<przeciwnik>0</przeciwnik>
    </wynikDoPrzerwy>	
    <data>
        <rok>2003</rok>
	<miesiac>8</miesiac>
	<dzien>23</dzien>
        <godzina>17</godzina>    	
        <minuta>00</minuta>
    </data>	
    <sedziaGlowny>
        <imie>Robert</imie>
        <nazwisko>Werder</nazwisko>
	<miasto>Warszawa</miasto>
    </sedziaGlowny>
    <sedziowieLiniowi>
        <sedzia>
            <imie>Sławomir</imie>
	    <nazwisko>Stempniewski</nazwisko>
	</sedzia>
        <sedzia>
            <imie>Maciej</imie>
	    <nazwisko>Szymanik</nazwisko>
	</sedzia>
    </sedziowieLiniowi>
    <widownia>5000</widownia>	
  </mecz>
  

  <mecz>
    <kolejka>3</kolejka>
    <gospodarz>Polonia Warszawa</gospodarz>
    <przeciwnik>Legia Warszawa</przeciwnik>    
    <wynik>    
        <gospodarz>0</gospodarz>
	<przeciwnik>1</przeciwnik>    
    </wynik>                
    <wynikDoPrzerwy>
        <gospodarz>0</gospodarz>
	<przeciwnik>0</przeciwnik>
    </wynikDoPrzerwy>	
    <data>
        <rok>2003</rok>
	<miesiac>8</miesiac>
	<dzien>24</dzien>
        <godzina>19</godzina>    	
        <minuta>15</minuta>
    </data>	
    <sedziaGlowny>
        <imie>Tomasz</imie>
        <nazwisko>Mikulski</nazwisko>
	<miasto>Lublin</miasto>
    </sedziaGlowny>
    <sedziowieLiniowi>
        <sedzia>
            <imie>Piotr</imie>
	    <nazwisko>Sadczuk</nazwisko>
	</sedzia>
        <sedzia>
            <imie>Krzysztof</imie>
	    <nazwisko>Myrmus</nazwisko>
	</sedzia>
    </sedziowieLiniowi>
    <widownia>4300</widownia>	
  </mecz>
  

  <mecz>
    <kolejka>3</kolejka>
    <gospodarz>Lech Poznań</gospodarz>
    <przeciwnik>Wisła Płock</przeciwnik>    
    <wynik>    
        <gospodarz>4</gospodarz>
	<przeciwnik>1</przeciwnik>    
    </wynik>                
    <wynikDoPrzerwy>
        <gospodarz>1</gospodarz>
	<przeciwnik>1</przeciwnik>
    </wynikDoPrzerwy>	
    <data>
        <rok>2003</rok>
	<miesiac>8</miesiac>
	<dzien>23</dzien>
        <godzina>19</godzina>    	
        <minuta>00</minuta>
    </data>	
    <sedziaGlowny>
        <imie>Piotr</imie>
        <nazwisko>Święs</nazwisko>
	<miasto>Katowice</miasto>
    </sedziaGlowny>
    <sedziowieLiniowi>
        <sedzia>
            <imie>Tomasz</imie>
	    <nazwisko>Rusek</nazwisko>
	</sedzia>
        <sedzia>
            <imie>Marcin</imie>
	    <nazwisko>Lis</nazwisko>
	</sedzia>
    </sedziowieLiniowi>
    <widownia>14000</widownia>	
  </mecz>
  

  <mecz>
    <kolejka>3</kolejka>
    <gospodarz>Górnik Polkowice</gospodarz>
    <przeciwnik>Amica Wronki</przeciwnik>    
    <wynik>    
        <gospodarz>1</gospodarz>
	<przeciwnik>0</przeciwnik>    
    </wynik>                
    <wynikDoPrzerwy>
        <gospodarz>0</gospodarz>
	<przeciwnik>0</przeciwnik>
    </wynikDoPrzerwy>	
    <data>
        <rok>2003</rok>
	<miesiac>8</miesiac>
	<dzien>23</dzien>
        <godzina>17</godzina>    	
        <minuta>30</minuta>
    </data>	
    <sedziaGlowny>
        <imie>Krzysztof</imie>
        <nazwisko>Zdunek</nazwisko>
	<miasto>Łódź</miasto>
    </sedziaGlowny>
    <sedziowieLiniowi>
        <sedzia>
            <imie>Rafał</imie>
	    <nazwisko>Rostkowski</nazwisko>
	</sedzia>
        <sedzia>
            <imie>Piotr</imie>
	    <nazwisko>Musialik</nazwisko>
	</sedzia>
    </sedziowieLiniowi>
    <widownia>3000</widownia>	
  </mecz>
  

  <mecz>
    <kolejka>3</kolejka>
    <gospodarz>Wisła Kraków</gospodarz>
    <przeciwnik>Górnik Zabrze</przeciwnik>    
    <wynik>    
        <gospodarz>2</gospodarz>
	<przeciwnik>0</przeciwnik>    
    </wynik>                
    <wynikDoPrzerwy>
        <gospodarz>0</gospodarz>
	<przeciwnik>0</przeciwnik>
    </wynikDoPrzerwy>	
    <data>
        <rok>2003</rok>
	<miesiac>8</miesiac>
	<dzien>22</dzien>
        <godzina>20</godzina>    	
        <minuta>15</minuta>
    </data>	
    <sedziaGlowny>
        <imie>Marek</imie>
        <nazwisko>Mikołajewski</nazwisko>
	<miasto>Ciechanów</miasto>
    </sedziaGlowny>
    <sedziowieLiniowi>
        <sedzia>
            <imie>Andrzej</imie>
	    <nazwisko>Jaremko</nazwisko>
	</sedzia>
        <sedzia>
            <imie>Piotr</imie>
	    <nazwisko>Mikołajewski</nazwisko>
	</sedzia>
    </sedziowieLiniowi>
    <widownia>7000</widownia>	
  </mecz>
  

  <mecz>
    <kolejka>4</kolejka>
    <gospodarz>Świt Nowy Dwór Mazowiecki</gospodarz>
    <przeciwnik>Górnik Zabrze</przeciwnik>    
    <wynik>    
        <gospodarz>0</gospodarz>
	<przeciwnik>0</przeciwnik>    
    </wynik>                
    <wynikDoPrzerwy>
        <gospodarz>0</gospodarz>
	<przeciwnik>0</przeciwnik>
    </wynikDoPrzerwy>	
    <data>
        <rok>2003</rok>
	<miesiac>8</miesiac>
	<dzien>30</dzien>
        <godzina>17</godzina>    	
        <minuta>00</minuta>
    </data>	
    <sedziaGlowny>
        <imie>Piotr</imie>
        <nazwisko>Siedlecki</nazwisko>
	<miasto>Szczecin</miasto>
    </sedziaGlowny>
    <sedziowieLiniowi>
        <sedzia>
            <imie>Radosław</imie>
	    <nazwisko>Siejka</nazwisko>
	</sedzia>
        <sedzia>
            <imie>Jacek</imie>
	    <nazwisko>Kłodziński</nazwisko>
	</sedzia>
    </sedziowieLiniowi>
    <widownia>3500</widownia>	
  </mecz>
  

  <mecz>
    <kolejka>4</kolejka>
    <gospodarz>Amica Wronki</gospodarz>
    <przeciwnik>Wisła Kraków</przeciwnik>    
    <wynik>    
        <gospodarz>2</gospodarz>
	<przeciwnik>0</przeciwnik>    
    </wynik>                
    <wynikDoPrzerwy>
        <gospodarz>2</gospodarz>
	<przeciwnik>0</przeciwnik>
    </wynikDoPrzerwy>	
    <data>
        <rok>2003</rok>
	<miesiac>8</miesiac>
	<dzien>30</dzien>
        <godzina>18</godzina>    	
        <minuta>15</minuta>
    </data>	
    <sedziaGlowny>
        <imie>Grzegorz</imie>
        <nazwisko>Gilewski</nazwisko>
	<miasto>Radom</miasto>
    </sedziaGlowny>
    <sedziowieLiniowi>
        <sedzia>
            <imie>Konrad</imie>
	    <nazwisko>Sapela</nazwisko>
	</sedzia>
        <sedzia>
            <imie>Tomasz</imie>
	    <nazwisko>Smoliński</nazwisko>
	</sedzia>
    </sedziowieLiniowi>
    <widownia>3500</widownia>	
  </mecz>
  

  <mecz>
    <kolejka>4</kolejka>
    <gospodarz>Wisła Płock</gospodarz>
    <przeciwnik>Górnik Polkowice</przeciwnik>    
    <wynik>    
        <gospodarz>3</gospodarz>
	<przeciwnik>0</przeciwnik>    
    </wynik>                
    <wynikDoPrzerwy>
        <gospodarz>1</gospodarz>
	<przeciwnik>0</przeciwnik>
    </wynikDoPrzerwy>	
    <data>
        <rok>2003</rok>
	<miesiac>8</miesiac>
	<dzien>31</dzien>
        <godzina>17</godzina>    	
        <minuta>00</minuta>
    </data>	
    <sedziaGlowny>
        <imie>Zbigniew</imie>
        <nazwisko>Marczyk</nazwisko>
	<miasto>Piła</miasto>
    </sedziaGlowny>
    <sedziowieLiniowi>
        <sedzia>
            <imie>Marcin</imie>
	    <nazwisko>Lis</nazwisko>
	</sedzia>
        <sedzia>
            <imie>Hieronim</imie>
	    <nazwisko>Twardosz</nazwisko>
	</sedzia>
    </sedziowieLiniowi>
    <widownia>2500</widownia>	
  </mecz>
  

  <mecz>
    <kolejka>4</kolejka>
    <gospodarz>Legia Warszawa</gospodarz>
    <przeciwnik>Lech Poznań</przeciwnik>    
    <wynik>    
        <gospodarz>2</gospodarz>
	<przeciwnik>1</przeciwnik>    
    </wynik>                
    <wynikDoPrzerwy>
        <gospodarz>0</gospodarz>
	<przeciwnik>0</przeciwnik>
    </wynikDoPrzerwy>	
    <data>
        <rok>2003</rok>
	<miesiac>8</miesiac>
	<dzien>29</dzien>
        <godzina>20</godzina>    	
        <minuta>00</minuta>
    </data>	
    <sedziaGlowny>
        <imie>Antoni</imie>
        <nazwisko>Fijarczyk</nazwisko>
	<miasto>Rzeszów</miasto>
    </sedziaGlowny>
    <sedziowieLiniowi>
        <sedzia>
            <imie>Mariusz</imie>
	    <nazwisko>Kowalski</nazwisko>
	</sedzia>
        <sedzia>
            <imie>Piotr</imie>
	    <nazwisko>Cwalina</nazwisko>
	</sedzia>
    </sedziowieLiniowi>
    <widownia>10000</widownia>	
  </mecz>
  

  <mecz>
    <kolejka>4</kolejka>
    <gospodarz>Groclin Dyskobolia</gospodarz>
    <przeciwnik>Polonia Warszawa</przeciwnik>    
    <wynik>    
        <gospodarz>2</gospodarz>
	<przeciwnik>2</przeciwnik>    
    </wynik>                
    <wynikDoPrzerwy>
        <gospodarz>2</gospodarz>
	<przeciwnik>1</przeciwnik>
    </wynikDoPrzerwy>	
    <data>
        <rok>2003</rok>
	<miesiac>8</miesiac>
	<dzien>31</dzien>
        <godzina>17</godzina>    	
        <minuta>00</minuta>
    </data>	
    <sedziaGlowny>
        <imie>Leszek</imie>
        <nazwisko>Gawron</nazwisko>
	<miasto>Rzeszów</miasto>
    </sedziaGlowny>
    <sedziowieLiniowi>
        <sedzia>
            <imie>Tadeusz</imie>
	    <nazwisko>Gancarz</nazwisko>
	</sedzia>
        <sedzia>
            <imie>Tomasz</imie>
	    <nazwisko>Kukowski</nazwisko>
	</sedzia>
    </sedziowieLiniowi>
    <widownia>3500</widownia>	
  </mecz>
  

  <mecz>
    <kolejka>4</kolejka>
    <gospodarz>Widzew Łódź</gospodarz>
    <przeciwnik>Górnik Łęczna</przeciwnik>    
    <wynik>    
        <gospodarz>0</gospodarz>
	<przeciwnik>1</przeciwnik>    
    </wynik>                
    <wynikDoPrzerwy>
        <gospodarz>0</gospodarz>
	<przeciwnik>0</przeciwnik>
    </wynikDoPrzerwy>	
    <data>
        <rok>2003</rok>
	<miesiac>8</miesiac>
	<dzien>30</dzien>
        <godzina>19</godzina>    	
        <minuta>00</minuta>
    </data>	
    <sedziaGlowny>
        <imie>Tomasz</imie>
        <nazwisko>Pacuda</nazwisko>
	<miasto>Częstochowa</miasto>
    </sedziaGlowny>
    <sedziowieLiniowi>
        <sedzia>
            <imie>Dariusz</imie>
	    <nazwisko>Wardak</nazwisko>
	</sedzia>
        <sedzia>
            <imie>Piotr</imie>
	    <nazwisko>Musialik</nazwisko>
	</sedzia>
    </sedziowieLiniowi>
    <widownia>4000</widownia>	
  </mecz>
  

  <mecz>
    <kolejka>4</kolejka>
    <gospodarz>Dospel Katowice</gospodarz>
    <przeciwnik>Odra Wodzisław Śląski</przeciwnik>    
    <wynik>    
        <gospodarz>2</gospodarz>
	<przeciwnik>0</przeciwnik>    
    </wynik>                
    <wynikDoPrzerwy>
        <gospodarz>1</gospodarz>
	<przeciwnik>0</przeciwnik>
    </wynikDoPrzerwy>	
    <data>
        <rok>2003</rok>
	<miesiac>8</miesiac>
	<dzien>31</dzien>
        <godzina>15</godzina>    	
        <minuta>00</minuta>
    </data>	
    <sedziaGlowny>
        <imie>Krzysztof</imie>
        <nazwisko>Słupik</nazwisko>
	<miasto>Tarnów</miasto>
    </sedziaGlowny>
    <sedziowieLiniowi>
        <sedzia>
            <imie>Rafał</imie>
	    <nazwisko>Rostkowski</nazwisko>
	</sedzia>
        <sedzia>
            <imie>Maciej</imie>
	    <nazwisko>Szymanik</nazwisko>
	</sedzia>
    </sedziowieLiniowi>
    <widownia>2500</widownia>	
  </mecz>
  

  <mecz>
    <kolejka>5</kolejka>
    <gospodarz>Odra Wodzisław Śląski</gospodarz>
    <przeciwnik>Świt Nowy Dwór Mazowiecki</przeciwnik>    
    <wynik>    
        <gospodarz>2</gospodarz>
	<przeciwnik>2</przeciwnik>    
    </wynik>                
    <wynikDoPrzerwy>
        <gospodarz>1</gospodarz>
	<przeciwnik>1</przeciwnik>
    </wynikDoPrzerwy>	
    <data>
        <rok>2003</rok>
	<miesiac>9</miesiac>
	<dzien>13</dzien>
        <godzina>19</godzina>    	
        <minuta>00</minuta>
    </data>	
    <sedziaGlowny>
        <imie>Grzegorz</imie>
        <nazwisko>Kasperkowicz</nazwisko>
	<miasto>Poznań</miasto>
    </sedziaGlowny>
    <sedziowieLiniowi>
        <sedzia>
            <imie>Grzegorz</imie>
	    <nazwisko>Burandt</nazwisko>
	</sedzia>
        <sedzia>
            <imie>Jacek</imie>
	    <nazwisko>Kłodziński</nazwisko>
	</sedzia>
    </sedziowieLiniowi>
    <widownia>2500</widownia>	
  </mecz>
  

  <mecz>
    <kolejka>5</kolejka>
    <gospodarz>Górnik Łęczna</gospodarz>
    <przeciwnik>Dospel Katowice</przeciwnik>    
    <wynik>    
        <gospodarz>4</gospodarz>
	<przeciwnik>1</przeciwnik>    
    </wynik>                
    <wynikDoPrzerwy>
        <gospodarz>2</gospodarz>
	<przeciwnik>0</przeciwnik>
    </wynikDoPrzerwy>	
    <data>
        <rok>2003</rok>
	<miesiac>9</miesiac>
	<dzien>14</dzien>
        <godzina>15</godzina>    	
        <minuta>00</minuta>
    </data>	
    <sedziaGlowny>
        <imie>Jacek</imie>
        <nazwisko>Granat</nazwisko>
	<miasto>Warszawa</miasto>
    </sedziaGlowny>
    <sedziowieLiniowi>
        <sedzia>
            <imie>Sławomir</imie>
	    <nazwisko>Stempniewski</nazwisko>
	</sedzia>
        <sedzia>
            <imie>Jacek</imie>
	    <nazwisko>Gudyń</nazwisko>
	</sedzia>
    </sedziowieLiniowi>
    <widownia>5000</widownia>	
  </mecz>
  

  <mecz>
    <kolejka>5</kolejka>
    <gospodarz>Widzew Łódź</gospodarz>
    <przeciwnik>Polonia Warszawa</przeciwnik>    
    <wynik>    
        <gospodarz>2</gospodarz>
	<przeciwnik>1</przeciwnik>    
    </wynik>                
    <wynikDoPrzerwy>
        <gospodarz>0</gospodarz>
	<przeciwnik>1</przeciwnik>
    </wynikDoPrzerwy>	
    <data>
        <rok>2003</rok>
	<miesiac>9</miesiac>
	<dzien>13</dzien>
        <godzina>19</godzina>    	
        <minuta>00</minuta>
    </data>	
    <sedziaGlowny>
        <imie>Jarosław</imie>
        <nazwisko>Żyro</nazwisko>
	<miasto>Bydgoszcz</miasto>
    </sedziaGlowny>
    <sedziowieLiniowi>
        <sedzia>
            <imie>Dariusz</imie>
	    <nazwisko>Wardak</nazwisko>
	</sedzia>
        <sedzia>
            <imie>Dariusz</imie>
	    <nazwisko>Ignatowicz</nazwisko>
	</sedzia>
    </sedziowieLiniowi>
    <widownia>4500</widownia>	
  </mecz>
  

  <mecz>
    <kolejka>5</kolejka>
    <gospodarz>Lech Poznań</gospodarz>
    <przeciwnik>Groclin Dyskobolia</przeciwnik>    
    <wynik>    
        <gospodarz>1</gospodarz>
	<przeciwnik>3</przeciwnik>    
    </wynik>                
    <wynikDoPrzerwy>
        <gospodarz>1</gospodarz>
	<przeciwnik>1</przeciwnik>
    </wynikDoPrzerwy>	
    <data>
        <rok>2003</rok>
	<miesiac>9</miesiac>
	<dzien>13</dzien>
        <godzina>18</godzina>    	
        <minuta>15</minuta>
    </data>	
    <sedziaGlowny>
        <imie>Marcin</imie>
        <nazwisko>Borski</nazwisko>
	<miasto>Warszawa</miasto>
    </sedziaGlowny>
    <sedziowieLiniowi>
        <sedzia>
            <imie>Rafał</imie>
	    <nazwisko>Rostkowski</nazwisko>
	</sedzia>
        <sedzia>
            <imie>Mariusz</imie>
	    <nazwisko>Kowalski</nazwisko>
	</sedzia>
    </sedziowieLiniowi>
    <widownia>17000</widownia>	
  </mecz>
  

  <mecz>
    <kolejka>5</kolejka>
    <gospodarz>Górnik Polkowice</gospodarz>
    <przeciwnik>Legia Warszawa</przeciwnik>    
    <wynik>    
        <gospodarz>0</gospodarz>
	<przeciwnik>0</przeciwnik>    
    </wynik>                
    <wynikDoPrzerwy>
        <gospodarz>0</gospodarz>
	<przeciwnik>0</przeciwnik>
    </wynikDoPrzerwy>	
    <data>
        <rok>2003</rok>
	<miesiac>9</miesiac>
	<dzien>12</dzien>
        <godzina>19</godzina>    	
        <minuta>00</minuta>
    </data>	
    <sedziaGlowny>
        <imie>Robert</imie>
        <nazwisko>Małek</nazwisko>
	<miasto>Katowice</miasto>
    </sedziaGlowny>
    <sedziowieLiniowi>
        <sedzia>
            <imie>Tomasz</imie>
	    <nazwisko>Rusek</nazwisko>
	</sedzia>
        <sedzia>
            <imie>Krzysztof</imie>
	    <nazwisko>Myrmus</nazwisko>
	</sedzia>
    </sedziowieLiniowi>
    <widownia>5000</widownia>	
  </mecz>
  

  <mecz>
    <kolejka>5</kolejka>
    <gospodarz>Wisła Kraków</gospodarz>
    <przeciwnik>Wisła Płock</przeciwnik>    
    <wynik>    
        <gospodarz>3</gospodarz>
	<przeciwnik>1</przeciwnik>    
    </wynik>                
    <wynikDoPrzerwy>
        <gospodarz>0</gospodarz>
	<przeciwnik>1</przeciwnik>
    </wynikDoPrzerwy>	
    <data>
        <rok>2003</rok>
	<miesiac>9</miesiac>
	<dzien>13</dzien>
        <godzina>19</godzina>    	
        <minuta>00</minuta>
    </data>	
    <sedziaGlowny>
        <imie>Tomasz</imie>
        <nazwisko>Cwalina</nazwisko>
	<miasto>Gdańsk</miasto>
    </sedziaGlowny>
    <sedziowieLiniowi>
        <sedzia>
            <imie>Maciej</imie>
	    <nazwisko>Wierzbowski</nazwisko>
	</sedzia>
        <sedzia>
            <imie>Piotr</imie>
	    <nazwisko>Cwalina</nazwisko>
	</sedzia>
    </sedziowieLiniowi>
    <widownia>7000</widownia>	
  </mecz>
  

  <mecz>
    <kolejka>5</kolejka>
    <gospodarz>Górnik Zabrze</gospodarz>
    <przeciwnik>Amica Wronki</przeciwnik>    
    <wynik>    
        <gospodarz>1</gospodarz>
	<przeciwnik>2</przeciwnik>    
    </wynik>                
    <wynikDoPrzerwy>
        <gospodarz>1</gospodarz>
	<przeciwnik>2</przeciwnik>
    </wynikDoPrzerwy>	
    <data>
        <rok>2003</rok>
	<miesiac>9</miesiac>
	<dzien>13</dzien>
        <godzina>19</godzina>    	
        <minuta>00</minuta>
    </data>	
    <sedziaGlowny>
        <imie>Mirosław</imie>
        <nazwisko>Ryszka</nazwisko>
	<miasto>Warszawa</miasto>
    </sedziaGlowny>
    <sedziowieLiniowi>
        <sedzia>
            <imie>Andrzej</imie>
	    <nazwisko>Dzik</nazwisko>
	</sedzia>
        <sedzia>
            <imie>Radosław</imie>
	    <nazwisko>Siejka</nazwisko>
	</sedzia>
    </sedziowieLiniowi>
    <widownia>4078</widownia>	
  </mecz>
  

  <mecz>
    <kolejka>6</kolejka>
    <gospodarz>Świt Nowy Dwór Mazowiecki</gospodarz>
    <przeciwnik>Amica Wronki</przeciwnik>    
    <wynik>    
        <gospodarz>0</gospodarz>
	<przeciwnik>1</przeciwnik>    
    </wynik>                
    <wynikDoPrzerwy>
        <gospodarz>0</gospodarz>
	<przeciwnik>1</przeciwnik>
    </wynikDoPrzerwy>	
    <data>
        <rok>2003</rok>
	<miesiac>9</miesiac>
	<dzien>20</dzien>
        <godzina>19</godzina>    	
        <minuta>00</minuta>
    </data>	
    <sedziaGlowny>
        <imie>Tomasz</imie>
        <nazwisko>Pacuda</nazwisko>
	<miasto>Częstochowa</miasto>
    </sedziaGlowny>
    <sedziowieLiniowi>
        <sedzia>
            <imie>Radosław</imie>
	    <nazwisko>Siejka</nazwisko>
	</sedzia>
        <sedzia>
            <imie>Dariusz</imie>
	    <nazwisko>Wardak</nazwisko>
	</sedzia>
    </sedziowieLiniowi>
    <widownia>2000</widownia>	
  </mecz>
  

  <mecz>
    <kolejka>6</kolejka>
    <gospodarz>Wisła Płock</gospodarz>
    <przeciwnik>Górnik Zabrze</przeciwnik>    
    <wynik>    
        <gospodarz>2</gospodarz>
	<przeciwnik>1</przeciwnik>    
    </wynik>                
    <wynikDoPrzerwy>
        <gospodarz>1</gospodarz>
	<przeciwnik>0</przeciwnik>
    </wynikDoPrzerwy>	
    <data>
        <rok>2003</rok>
	<miesiac>9</miesiac>
	<dzien>20</dzien>
        <godzina>19</godzina>    	
        <minuta>00</minuta>
    </data>	
    <sedziaGlowny>
        <imie>Krzysztof</imie>
        <nazwisko>Zdunek</nazwisko>
	<miasto>Łódź</miasto>
    </sedziaGlowny>
    <sedziowieLiniowi>
        <sedzia>
            <imie>Maciej</imie>
	    <nazwisko>Wierzbowski</nazwisko>
	</sedzia>
        <sedzia>
            <imie>Piotr</imie>
	    <nazwisko>Cwalina</nazwisko>
	</sedzia>
    </sedziowieLiniowi>
    <widownia>3000</widownia>	
  </mecz>
  

  <mecz>
    <kolejka>6</kolejka>
    <gospodarz>Legia Warszawa</gospodarz>
    <przeciwnik>Wisła Kraków</przeciwnik>    
    <wynik>    
        <gospodarz>4</gospodarz>
	<przeciwnik>1</przeciwnik>    
    </wynik>                
    <wynikDoPrzerwy>
        <gospodarz>0</gospodarz>
	<przeciwnik>0</przeciwnik>
    </wynikDoPrzerwy>	
    <data>
        <rok>2003</rok>
	<miesiac>9</miesiac>
	<dzien>19</dzien>
        <godzina>20</godzina>    	
        <minuta>00</minuta>
    </data>	
    <sedziaGlowny>
        <imie>Lubos</imie>
        <nazwisko>Michel</nazwisko>
	<miasto>Słowacja</miasto>
    </sedziaGlowny>
    <sedziowieLiniowi>
        <sedzia>
            <imie>Ivan</imie>
	    <nazwisko>Bartos</nazwisko>
	</sedzia>
        <sedzia>
            <imie>Martin</imie>
	    <nazwisko>Ruzbarsky</nazwisko>
	</sedzia>
    </sedziowieLiniowi>
    <widownia>12000</widownia>	
  </mecz>
  

  <mecz>
    <kolejka>6</kolejka>
    <gospodarz>Groclin Dyskobolia</gospodarz>
    <przeciwnik>Górnik Polkowice</przeciwnik>    
    <wynik>    
        <gospodarz>4</gospodarz>
	<przeciwnik>1</przeciwnik>    
    </wynik>                
    <wynikDoPrzerwy>
        <gospodarz>3</gospodarz>
	<przeciwnik>1</przeciwnik>
    </wynikDoPrzerwy>	
    <data>
        <rok>2003</rok>
	<miesiac>9</miesiac>
	<dzien>20</dzien>
        <godzina>16</godzina>    	
        <minuta>30</minuta>
    </data>	
    <sedziaGlowny>
        <imie>Jacek</imie>
        <nazwisko>Granat</nazwisko>
	<miasto>Warszawa</miasto>
    </sedziaGlowny>
    <sedziowieLiniowi>
        <sedzia>
            <imie>Rafał</imie>
	    <nazwisko>Rostkowski</nazwisko>
	</sedzia>
        <sedzia>
            <imie>Konrad</imie>
	    <nazwisko>Sapela</nazwisko>
	</sedzia>
    </sedziowieLiniowi>
    <widownia>3500</widownia>	
  </mecz>
  

  <mecz>
    <kolejka>6</kolejka>
    <gospodarz>Widzew Łódź</gospodarz>
    <przeciwnik>Lech Poznań</przeciwnik>    
    <wynik>    
        <gospodarz>1</gospodarz>
	<przeciwnik>1</przeciwnik>    
    </wynik>                
    <wynikDoPrzerwy>
        <gospodarz>0</gospodarz>
	<przeciwnik>0</przeciwnik>
    </wynikDoPrzerwy>	
    <data>
        <rok>2003</rok>
	<miesiac>9</miesiac>
	<dzien>21</dzien>
        <godzina>19</godzina>    	
        <minuta>15</minuta>
    </data>	
    <sedziaGlowny>
        <imie>Robert</imie>
        <nazwisko>Małek</nazwisko>
	<miasto>Katowice</miasto>
    </sedziaGlowny>
    <sedziowieLiniowi>
        <sedzia>
            <imie>Tomasz</imie>
	    <nazwisko>Rusek</nazwisko>
	</sedzia>
        <sedzia>
            <imie>Krzysztof</imie>
	    <nazwisko>Myrmus</nazwisko>
	</sedzia>
    </sedziowieLiniowi>
    <widownia>10500</widownia>	
  </mecz>
  

  <mecz>
    <kolejka>6</kolejka>
    <gospodarz>Dospel Katowice</gospodarz>
    <przeciwnik>Polonia Warszawa</przeciwnik>    
    <wynik>    
        <gospodarz>1</gospodarz>
	<przeciwnik>1</przeciwnik>    
    </wynik>                
    <wynikDoPrzerwy>
        <gospodarz>1</gospodarz>
	<przeciwnik>0</przeciwnik>
    </wynikDoPrzerwy>	
    <data>
        <rok>2003</rok>
	<miesiac>9</miesiac>
	<dzien>20</dzien>
        <godzina>19</godzina>    	
        <minuta>00</minuta>
    </data>	
    <sedziaGlowny>
        <imie>Grzegorz</imie>
        <nazwisko>Kasperkowicz</nazwisko>
	<miasto>Poznań</miasto>
    </sedziaGlowny>
    <sedziowieLiniowi>
        <sedzia>
            <imie>Jacek</imie>
	    <nazwisko>Kłodziński</nazwisko>
	</sedzia>
        <sedzia>
            <imie>Jacek</imie>
	    <nazwisko>Waskowski</nazwisko>
	</sedzia>
    </sedziowieLiniowi>
    <widownia>3000</widownia>	
  </mecz>
  

  <mecz>
    <kolejka>6</kolejka>
    <gospodarz>Odra Wodzisław Śląski</gospodarz>
    <przeciwnik>Górnik Łęczna</przeciwnik>    
    <wynik>    
        <gospodarz>2</gospodarz>
	<przeciwnik>0</przeciwnik>    
    </wynik>                
    <wynikDoPrzerwy>
        <gospodarz>1</gospodarz>
	<przeciwnik>0</przeciwnik>
    </wynikDoPrzerwy>	
    <data>
        <rok>2003</rok>
	<miesiac>9</miesiac>
	<dzien>20</dzien>
        <godzina>19</godzina>    	
        <minuta>00</minuta>
    </data>	
    <sedziaGlowny>
        <imie>Zbigniew</imie>
        <nazwisko>Marczyk</nazwisko>
	<miasto>Piła</miasto>
    </sedziaGlowny>
    <sedziowieLiniowi>
        <sedzia>
            <imie>Andrzej</imie>
	    <nazwisko>Jaremko</nazwisko>
	</sedzia>
        <sedzia>
            <imie>Hieronim</imie>
	    <nazwisko>Twardosz</nazwisko>
	</sedzia>
    </sedziowieLiniowi>
    <widownia>2500</widownia>	
  </mecz>
  

  <mecz>
    <kolejka>7</kolejka>
    <gospodarz>Górnik Łęczna</gospodarz>
    <przeciwnik>Świt Nowy Dwór Mazowiecki</przeciwnik>    
    <wynik>    
        <gospodarz>1</gospodarz>
	<przeciwnik>0</przeciwnik>    
    </wynik>                
    <wynikDoPrzerwy>
        <gospodarz>1</gospodarz>
	<przeciwnik>0</przeciwnik>
    </wynikDoPrzerwy>	
    <data>
        <rok>2003</rok>
	<miesiac>9</miesiac>
	<dzien>27</dzien>
        <godzina>18</godzina>    	
        <minuta>15</minuta>
    </data>	
    <sedziaGlowny>
        <imie>Leszek</imie>
        <nazwisko>Gawron</nazwisko>
	<miasto>Rzeszów</miasto>
    </sedziaGlowny>
    <sedziowieLiniowi>
        <sedzia>
            <imie>Tadeusz</imie>
	    <nazwisko>Gancarz</nazwisko>
	</sedzia>
        <sedzia>
            <imie>Tomasz</imie>
	    <nazwisko>Kukowski</nazwisko>
	</sedzia>
    </sedziowieLiniowi>
    <widownia>5000</widownia>	
  </mecz>
  

  <mecz>
    <kolejka>7</kolejka>
    <gospodarz>Polonia Warszawa</gospodarz>
    <przeciwnik>Odra Wodzisław Śląski</przeciwnik>    
    <wynik>    
        <gospodarz>1</gospodarz>
	<przeciwnik>0</przeciwnik>    
    </wynik>                
    <wynikDoPrzerwy>
        <gospodarz>1</gospodarz>
	<przeciwnik>0</przeciwnik>
    </wynikDoPrzerwy>	
    <data>
        <rok>2003</rok>
	<miesiac>11</miesiac>
	<dzien>4</dzien>
        <godzina>18</godzina>    	
        <minuta>30</minuta>
    </data>	
    <sedziaGlowny>
        <imie>Antoni</imie>
        <nazwisko>Fijarczyk</nazwisko>
	<miasto>Rzeszów</miasto>
    </sedziaGlowny>
    <sedziowieLiniowi>
        <sedzia>
            <imie>Katarzyna</imie>
	    <nazwisko>Nadolska</nazwisko>
	</sedzia>
        <sedzia>
            <imie>Maciej</imie>
	    <nazwisko>Wierzbowski</nazwisko>
	</sedzia>
    </sedziowieLiniowi>
    <widownia>2000</widownia>	
  </mecz>
  

  <mecz>
    <kolejka>7</kolejka>
    <gospodarz>Lech Poznań</gospodarz>
    <przeciwnik>Dospel Katowice</przeciwnik>    
    <wynik>    
        <gospodarz>1</gospodarz>
	<przeciwnik>2</przeciwnik>    
    </wynik>                
    <wynikDoPrzerwy>
        <gospodarz>0</gospodarz>
	<przeciwnik>2</przeciwnik>
    </wynikDoPrzerwy>	
    <data>
        <rok>2003</rok>
	<miesiac>9</miesiac>
	<dzien>27</dzien>
        <godzina>19</godzina>    	
        <minuta>00</minuta>
    </data>	
    <sedziaGlowny>
        <imie>Antoni</imie>
        <nazwisko>Fijarczyk</nazwisko>
	<miasto>Rzeszów</miasto>
    </sedziaGlowny>
    <sedziowieLiniowi>
        <sedzia>
            <imie>Piotr</imie>
	    <nazwisko>Cwalina</nazwisko>
	</sedzia>
        <sedzia>
            <imie>Andrzej</imie>
	    <nazwisko>Kotos</nazwisko>
	</sedzia>
    </sedziowieLiniowi>
    <widownia>9000</widownia>	
  </mecz>
  

  <mecz>
    <kolejka>7</kolejka>
    <gospodarz>Górnik Polkowice</gospodarz>
    <przeciwnik>Widzew Łódź</przeciwnik>    
    <wynik>    
        <gospodarz>2</gospodarz>
	<przeciwnik>3</przeciwnik>    
    </wynik>                
    <wynikDoPrzerwy>
        <gospodarz>2</gospodarz>
	<przeciwnik>1</przeciwnik>
    </wynikDoPrzerwy>	
    <data>
        <rok>2003</rok>
	<miesiac>9</miesiac>
	<dzien>27</dzien>
        <godzina>19</godzina>    	
        <minuta>00</minuta>
    </data>	
    <sedziaGlowny>
        <imie>Marek</imie>
        <nazwisko>Mikołajewski</nazwisko>
	<miasto>Ciechanów</miasto>
    </sedziaGlowny>
    <sedziowieLiniowi>
        <sedzia>
            <imie>Andrzej</imie>
	    <nazwisko>Jaremko</nazwisko>
	</sedzia>
        <sedzia>
            <imie>Piotr</imie>
	    <nazwisko>Mikołajewski</nazwisko>
	</sedzia>
    </sedziowieLiniowi>
    <widownia>4000</widownia>	
  </mecz>
  

  <mecz>
    <kolejka>7</kolejka>
    <gospodarz>Wisła Kraków</gospodarz>
    <przeciwnik>Groclin Dyskobolia</przeciwnik>    
    <wynik>    
        <gospodarz>3</gospodarz>
	<przeciwnik>2</przeciwnik>    
    </wynik>                
    <wynikDoPrzerwy>
        <gospodarz>2</gospodarz>
	<przeciwnik>2</przeciwnik>
    </wynikDoPrzerwy>	
    <data>
        <rok>2003</rok>
	<miesiac>9</miesiac>
	<dzien>28</dzien>
        <godzina>18</godzina>    	
        <minuta>00</minuta>
    </data>	
    <sedziaGlowny>
        <imie>Tomasz</imie>
        <nazwisko>Mikulski</nazwisko>
	<miasto>Lublin</miasto>
    </sedziaGlowny>
    <sedziowieLiniowi>
        <sedzia>
            <imie>Piotr</imie>
	    <nazwisko>Sadczuk</nazwisko>
	</sedzia>
        <sedzia>
            <imie>Tomasz</imie>
	    <nazwisko>Rusek</nazwisko>
	</sedzia>
    </sedziowieLiniowi>
    <widownia>9000</widownia>	
  </mecz>
  

  <mecz>
    <kolejka>7</kolejka>
    <gospodarz>Górnik Zabrze</gospodarz>
    <przeciwnik>Legia Warszawa</przeciwnik>    
    <wynik>    
        <gospodarz>2</gospodarz>
	<przeciwnik>2</przeciwnik>    
    </wynik>                
    <wynikDoPrzerwy>
        <gospodarz>1</gospodarz>
	<przeciwnik>1</przeciwnik>
    </wynikDoPrzerwy>	
    <data>
        <rok>2003</rok>
	<miesiac>9</miesiac>
	<dzien>26</dzien>
        <godzina>20</godzina>    	
        <minuta>00</minuta>
    </data>	
    <sedziaGlowny>
        <imie>Krzysztof</imie>
        <nazwisko>Słupik</nazwisko>
	<miasto>Tarnów</miasto>
    </sedziaGlowny>
    <sedziowieLiniowi>
        <sedzia>
            <imie>Mariusz</imie>
	    <nazwisko>Kowalski</nazwisko>
	</sedzia>
        <sedzia>
            <imie>Dariusz</imie>
	    <nazwisko>Wardak</nazwisko>
	</sedzia>
    </sedziowieLiniowi>
    <widownia>4500</widownia>	
  </mecz>
  

  <mecz>
    <kolejka>7</kolejka>
    <gospodarz>Amica Wronki</gospodarz>
    <przeciwnik>Wisła Płock</przeciwnik>    
    <wynik>    
        <gospodarz>3</gospodarz>
	<przeciwnik>2</przeciwnik>    
    </wynik>                
    <wynikDoPrzerwy>
        <gospodarz>2</gospodarz>
	<przeciwnik>2</przeciwnik>
    </wynikDoPrzerwy>	
    <data>
        <rok>2003</rok>
	<miesiac>9</miesiac>
	<dzien>27</dzien>
        <godzina>19</godzina>    	
        <minuta>00</minuta>
    </data>	
    <sedziaGlowny>
        <imie>Zdzisław</imie>
        <nazwisko>Bakaluk</nazwisko>
	<miasto>Olsztyn</miasto>
    </sedziaGlowny>
    <sedziowieLiniowi>
        <sedzia>
            <imie>Radosław</imie>
	    <nazwisko>Siejka</nazwisko>
	</sedzia>
        <sedzia>
            <imie>Mariusz</imie>
	    <nazwisko>Wiśniewski</nazwisko>
	</sedzia>
    </sedziowieLiniowi>
    <widownia>1500</widownia>	
  </mecz>
  

  <mecz>
    <kolejka>8</kolejka>
    <gospodarz>Świt Nowy Dwór Mazowiecki</gospodarz>
    <przeciwnik>Wisła Płock</przeciwnik>    
    <wynik>    
        <gospodarz>1</gospodarz>
	<przeciwnik>2</przeciwnik>    
    </wynik>                
    <wynikDoPrzerwy>
        <gospodarz>0</gospodarz>
	<przeciwnik>1</przeciwnik>
    </wynikDoPrzerwy>	
    <data>
        <rok>2003</rok>
	<miesiac>10</miesiac>
	<dzien>4</dzien>
        <godzina>18</godzina>    	
        <minuta>15</minuta>
    </data>	
    <sedziaGlowny>
        <imie>Zbigniew</imie>
        <nazwisko>Marczyk</nazwisko>
	<miasto>Piła</miasto>
    </sedziaGlowny>
    <sedziowieLiniowi>
        <sedzia>
            <imie>Andrzej</imie>
	    <nazwisko>Jaremko</nazwisko>
	</sedzia>
        <sedzia>
            <imie>Piotr</imie>
	    <nazwisko>Piejko</nazwisko>
	</sedzia>
    </sedziowieLiniowi>
    <widownia>1500</widownia>	
  </mecz>
  

  <mecz>
    <kolejka>8</kolejka>
    <gospodarz>Legia Warszawa</gospodarz>
    <przeciwnik>Amica Wronki</przeciwnik>    
    <wynik>    
        <gospodarz>3</gospodarz>
	<przeciwnik>1</przeciwnik>    
    </wynik>                
    <wynikDoPrzerwy>
        <gospodarz>0</gospodarz>
	<przeciwnik>1</przeciwnik>
    </wynikDoPrzerwy>	
    <data>
        <rok>2003</rok>
	<miesiac>10</miesiac>
	<dzien>3</dzien>
        <godzina>19</godzina>    	
        <minuta>00</minuta>
    </data>	
    <sedziaGlowny>
        <imie>Robert</imie>
        <nazwisko>Małek</nazwisko>
	<miasto>Katowice</miasto>
    </sedziaGlowny>
    <sedziowieLiniowi>
        <sedzia>
            <imie>Tomasz</imie>
	    <nazwisko>Rusek</nazwisko>
	</sedzia>
        <sedzia>
            <imie>Krzysztof</imie>
	    <nazwisko>Myrmus</nazwisko>
	</sedzia>
    </sedziowieLiniowi>
    <widownia>10000</widownia>	
  </mecz>
  

  <mecz>
    <kolejka>8</kolejka>
    <gospodarz>Groclin Dyskobolia</gospodarz>
    <przeciwnik>Górnik Zabrze</przeciwnik>    
    <wynik>    
        <gospodarz>0</gospodarz>
	<przeciwnik>0</przeciwnik>    
    </wynik>                
    <wynikDoPrzerwy>
        <gospodarz>0</gospodarz>
	<przeciwnik>0</przeciwnik>
    </wynikDoPrzerwy>	
    <data>
        <rok>2003</rok>
	<miesiac>10</miesiac>
	<dzien>5</dzien>
        <godzina>17</godzina>    	
        <minuta>15</minuta>
    </data>	
    <sedziaGlowny>
        <imie>Jarosław</imie>
        <nazwisko>Żyro</nazwisko>
	<miasto>Bydgoszcz</miasto>
    </sedziaGlowny>
    <sedziowieLiniowi>
        <sedzia>
            <imie>Radosław</imie>
	    <nazwisko>Siejka</nazwisko>
	</sedzia>
        <sedzia>
            <imie>Dariusz</imie>
	    <nazwisko>Ignatowicz</nazwisko>
	</sedzia>
    </sedziowieLiniowi>
    <widownia>2000</widownia>	
  </mecz>
  

  <mecz>
    <kolejka>8</kolejka>
    <gospodarz>Widzew Łódź</gospodarz>
    <przeciwnik>Wisła Kraków</przeciwnik>    
    <wynik>    
        <gospodarz>1</gospodarz>
	<przeciwnik>3</przeciwnik>    
    </wynik>                
    <wynikDoPrzerwy>
        <gospodarz>0</gospodarz>
	<przeciwnik>1</przeciwnik>
    </wynikDoPrzerwy>	
    <data>
        <rok>2003</rok>
	<miesiac>10</miesiac>
	<dzien>4</dzien>
        <godzina>16</godzina>    	
        <minuta>00</minuta>
    </data>	
    <sedziaGlowny>
        <imie>Marcin</imie>
        <nazwisko>Borski</nazwisko>
	<miasto>Warszawa</miasto>
    </sedziaGlowny>
    <sedziowieLiniowi>
        <sedzia>
            <imie>Sławomir</imie>
	    <nazwisko>Stempniewski</nazwisko>
	</sedzia>
        <sedzia>
            <imie>Rafał</imie>
	    <nazwisko>Rostkowski</nazwisko>
	</sedzia>
    </sedziowieLiniowi>
    <widownia>7000</widownia>	
  </mecz>
  

  <mecz>
    <kolejka>8</kolejka>
    <gospodarz>Dospel Katowice</gospodarz>
    <przeciwnik>Górnik Polkowice</przeciwnik>    
    <wynik>    
        <gospodarz>1</gospodarz>
	<przeciwnik>0</przeciwnik>    
    </wynik>                
    <wynikDoPrzerwy>
        <gospodarz>1</gospodarz>
	<przeciwnik>0</przeciwnik>
    </wynikDoPrzerwy>	
    <data>
        <rok>2003</rok>
	<miesiac>10</miesiac>
	<dzien>4</dzien>
        <godzina>18</godzina>    	
        <minuta>15</minuta>
    </data>	
    <sedziaGlowny>
        <imie>Tomasz</imie>
        <nazwisko>Cwalina</nazwisko>
	<miasto>Gdańsk</miasto>
    </sedziaGlowny>
    <sedziowieLiniowi>
        <sedzia>
            <imie>Piotr</imie>
	    <nazwisko>Cwalina</nazwisko>
	</sedzia>
        <sedzia>
            <imie>Tomasz</imie>
	    <nazwisko>Smoliński</nazwisko>
	</sedzia>
    </sedziowieLiniowi>
    <widownia>3000</widownia>	
  </mecz>
  

  <mecz>
    <kolejka>8</kolejka>
    <gospodarz>Odra Wodzisław Śląski</gospodarz>
    <przeciwnik>Lech Poznań</przeciwnik>    
    <wynik>    
        <gospodarz>2</gospodarz>
	<przeciwnik>0</przeciwnik>    
    </wynik>                
    <wynikDoPrzerwy>
        <gospodarz>0</gospodarz>
	<przeciwnik>0</przeciwnik>
    </wynikDoPrzerwy>	
    <data>
        <rok>2003</rok>
	<miesiac>10</miesiac>
	<dzien>4</dzien>
        <godzina>18</godzina>    	
        <minuta>15</minuta>
    </data>	
    <sedziaGlowny>
        <imie>Richard</imie>
        <nazwisko>Havrilla</nazwisko>
	<miasto>Słowacja</miasto>
    </sedziaGlowny>
    <sedziowieLiniowi>
        <sedzia>
            <imie>Roman</imie>
	    <nazwisko>Csabay</nazwisko>
	</sedzia>
        <sedzia>
            <imie>Vladimir</imie>
	    <nazwisko>Medved</nazwisko>
	</sedzia>
    </sedziowieLiniowi>
    <widownia>3100</widownia>	
  </mecz>
  

  <mecz>
    <kolejka>8</kolejka>
    <gospodarz>Górnik Łęczna</gospodarz>
    <przeciwnik>Polonia Warszawa</przeciwnik>    
    <wynik>    
        <gospodarz>2</gospodarz>
	<przeciwnik>1</przeciwnik>    
    </wynik>                
    <wynikDoPrzerwy>
        <gospodarz>1</gospodarz>
	<przeciwnik>0</przeciwnik>
    </wynikDoPrzerwy>	
    <data>
        <rok>2003</rok>
	<miesiac>10</miesiac>
	<dzien>4</dzien>
        <godzina>18</godzina>    	
        <minuta>15</minuta>
    </data>	
    <sedziaGlowny>
        <imie>Piotr</imie>
        <nazwisko>Siedlecki</nazwisko>
	<miasto>Szczecin</miasto>
    </sedziaGlowny>
    <sedziowieLiniowi>
        <sedzia>
            <imie>Marcin</imie>
	    <nazwisko>Lis</nazwisko>
	</sedzia>
        <sedzia>
            <imie>Dariusz</imie>
	    <nazwisko>Wardak</nazwisko>
	</sedzia>
    </sedziowieLiniowi>
    <widownia>5000</widownia>	
  </mecz>
  

  <mecz>
    <kolejka>9</kolejka>
    <gospodarz>Polonia Warszawa</gospodarz>
    <przeciwnik>Świt Nowy Dwór Mazowiecki</przeciwnik>    
    <wynik>    
        <gospodarz>1</gospodarz>
	<przeciwnik>0</przeciwnik>    
    </wynik>                
    <wynikDoPrzerwy>
        <gospodarz>0</gospodarz>
	<przeciwnik>0</przeciwnik>
    </wynikDoPrzerwy>	
    <data>
        <rok>2003</rok>
	<miesiac>11</miesiac>
	<dzien>15</dzien>
        <godzina>18</godzina>    	
        <minuta>30</minuta>
    </data>	
    <sedziaGlowny>
        <imie>Zbigniew</imie>
        <nazwisko>Marczyk</nazwisko>
	<miasto>Piła</miasto>
    </sedziaGlowny>
    <sedziowieLiniowi>
        <sedzia>
            <imie>Andrzej</imie>
	    <nazwisko>Jaremko</nazwisko>
	</sedzia>
        <sedzia>
            <imie>Hieronim</imie>
	    <nazwisko>Twardosz</nazwisko>
	</sedzia>
    </sedziowieLiniowi>
    <widownia>2000</widownia>	
  </mecz>
  

  <mecz>
    <kolejka>9</kolejka>
    <gospodarz>Lech Poznań</gospodarz>
    <przeciwnik>Górnik Łęczna</przeciwnik>    
    <wynik>    
        <gospodarz>5</gospodarz>
	<przeciwnik>1</przeciwnik>    
    </wynik>                
    <wynikDoPrzerwy>
        <gospodarz>2</gospodarz>
	<przeciwnik>0</przeciwnik>
    </wynikDoPrzerwy>	
    <data>
        <rok>2003</rok>
	<miesiac>10</miesiac>
	<dzien>17</dzien>
        <godzina>20</godzina>    	
        <minuta>00</minuta>
    </data>	
    <sedziaGlowny>
        <imie>Jacek</imie>
        <nazwisko>Granat</nazwisko>
	<miasto>Warszawa</miasto>
    </sedziaGlowny>
    <sedziowieLiniowi>
        <sedzia>
            <imie>Rafał</imie>
	    <nazwisko>Rostkowski</nazwisko>
	</sedzia>
        <sedzia>
            <imie>Konrad</imie>
	    <nazwisko>Sapela</nazwisko>
	</sedzia>
    </sedziowieLiniowi>
    <widownia>8000</widownia>	
  </mecz>
  

  <mecz>
    <kolejka>9</kolejka>
    <gospodarz>Górnik Polkowice</gospodarz>
    <przeciwnik>Odra Wodzisław Śląski</przeciwnik>    
    <wynik>    
        <gospodarz>3</gospodarz>
	<przeciwnik>3</przeciwnik>    
    </wynik>                
    <wynikDoPrzerwy>
        <gospodarz>1</gospodarz>
	<przeciwnik>0</przeciwnik>
    </wynikDoPrzerwy>	
    <data>
        <rok>2003</rok>
	<miesiac>10</miesiac>
	<dzien>18</dzien>
        <godzina>18</godzina>    	
        <minuta>15</minuta>
    </data>	
    <sedziaGlowny>
        <imie>Zdzisław</imie>
        <nazwisko>Bakaluk</nazwisko>
	<miasto>Olsztyn</miasto>
    </sedziaGlowny>
    <sedziowieLiniowi>
        <sedzia>
            <imie>Radosław</imie>
	    <nazwisko>Siejka</nazwisko>
	</sedzia>
        <sedzia>
            <imie>Mariusz</imie>
	    <nazwisko>Wiśniewski</nazwisko>
	</sedzia>
    </sedziowieLiniowi>
    <widownia>2500</widownia>	
  </mecz>
  

  <mecz>
    <kolejka>9</kolejka>
    <gospodarz>Wisła Kraków</gospodarz>
    <przeciwnik>Dospel Katowice</przeciwnik>    
    <wynik>    
        <gospodarz>5</gospodarz>
	<przeciwnik>0</przeciwnik>    
    </wynik>                
    <wynikDoPrzerwy>
        <gospodarz>3</gospodarz>
	<przeciwnik>0</przeciwnik>
    </wynikDoPrzerwy>	
    <data>
        <rok>2003</rok>
	<miesiac>10</miesiac>
	<dzien>19</dzien>
        <godzina>17</godzina>    	
        <minuta>15</minuta>
    </data>	
    <sedziaGlowny>
        <imie>Zbigniew</imie>
        <nazwisko>Marczyk</nazwisko>
	<miasto>Piła</miasto>
    </sedziaGlowny>
    <sedziowieLiniowi>
        <sedzia>
            <imie>Sławomir</imie>
	    <nazwisko>Stempniewski</nazwisko>
	</sedzia>
        <sedzia>
            <imie>Hieronim</imie>
	    <nazwisko>Twardosz</nazwisko>
	</sedzia>
    </sedziowieLiniowi>
    <widownia>9000</widownia>	
  </mecz>
  

  <mecz>
    <kolejka>9</kolejka>
    <gospodarz>Górnik Zabrze</gospodarz>
    <przeciwnik>Widzew Łódź</przeciwnik>    
    <wynik>    
        <gospodarz>3</gospodarz>
	<przeciwnik>3</przeciwnik>    
    </wynik>                
    <wynikDoPrzerwy>
        <gospodarz>2</gospodarz>
	<przeciwnik>2</przeciwnik>
    </wynikDoPrzerwy>	
    <data>
        <rok>2003</rok>
	<miesiac>10</miesiac>
	<dzien>18</dzien>
        <godzina>18</godzina>    	
        <minuta>15</minuta>
    </data>	
    <sedziaGlowny>
        <imie>Robert</imie>
        <nazwisko>Werder</nazwisko>
	<miasto>Warszawa</miasto>
    </sedziaGlowny>
    <sedziowieLiniowi>
        <sedzia>
            <imie>Piotr</imie>
	    <nazwisko>Sadczuk</nazwisko>
	</sedzia>
        <sedzia>
            <imie>Maciej</imie>
	    <nazwisko>Szymanik</nazwisko>
	</sedzia>
    </sedziowieLiniowi>
    <widownia>5000</widownia>	
  </mecz>
  

  <mecz>
    <kolejka>9</kolejka>
    <gospodarz>Amica Wronki</gospodarz>
    <przeciwnik>Groclin Dyskobolia</przeciwnik>    
    <wynik>    
        <gospodarz>1</gospodarz>
	<przeciwnik>0</przeciwnik>    
    </wynik>                
    <wynikDoPrzerwy>
        <gospodarz>1</gospodarz>
	<przeciwnik>0</przeciwnik>
    </wynikDoPrzerwy>	
    <data>
        <rok>2003</rok>
	<miesiac>10</miesiac>
	<dzien>18</dzien>
        <godzina>18</godzina>    	
        <minuta>15</minuta>
    </data>	
    <sedziaGlowny>
        <imie>Antoni</imie>
        <nazwisko>Fijarczyk</nazwisko>
	<miasto>Rzeszów</miasto>
    </sedziaGlowny>
    <sedziowieLiniowi>
        <sedzia>
            <imie>Piotr</imie>
	    <nazwisko>Cwalina</nazwisko>
	</sedzia>
        <sedzia>
            <imie>Grzegorz</imie>
	    <nazwisko>Burandt</nazwisko>
	</sedzia>
    </sedziowieLiniowi>
    <widownia>3500</widownia>	
  </mecz>
  

  <mecz>
    <kolejka>9</kolejka>
    <gospodarz>Wisła Płock</gospodarz>
    <przeciwnik>Legia Warszawa</przeciwnik>    
    <wynik>    
        <gospodarz>2</gospodarz>
	<przeciwnik>1</przeciwnik>    
    </wynik>                
    <wynikDoPrzerwy>
        <gospodarz>0</gospodarz>
	<przeciwnik>1</przeciwnik>
    </wynikDoPrzerwy>	
    <data>
        <rok>2003</rok>
	<miesiac>10</miesiac>
	<dzien>18</dzien>
        <godzina>18</godzina>    	
        <minuta>15</minuta>
    </data>	
    <sedziaGlowny>
        <imie>Grzegorz</imie>
        <nazwisko>Kasperkowicz</nazwisko>
	<miasto>Poznań</miasto>
    </sedziaGlowny>
    <sedziowieLiniowi>
        <sedzia>
            <imie>Andrzej</imie>
	    <nazwisko>Jaremko</nazwisko>
	</sedzia>
        <sedzia>
            <imie>Jacek</imie>
	    <nazwisko>Kłodziński</nazwisko>
	</sedzia>
    </sedziowieLiniowi>
    <widownia>8000</widownia>	
  </mecz>
  

  <mecz>
    <kolejka>10</kolejka>
    <gospodarz>Świt Nowy Dwór Mazowiecki</gospodarz>
    <przeciwnik>Legia Warszawa</przeciwnik>    
    <wynik>    
        <gospodarz>1</gospodarz>
	<przeciwnik>3</przeciwnik>    
    </wynik>                
    <wynikDoPrzerwy>
        <gospodarz>0</gospodarz>
	<przeciwnik>1</przeciwnik>
    </wynikDoPrzerwy>	
    <data>
        <rok>2003</rok>
	<miesiac>10</miesiac>
	<dzien>26</dzien>
        <godzina>17</godzina>    	
        <minuta>15</minuta>
    </data>	
    <sedziaGlowny>
        <imie>Krzysztof</imie>
        <nazwisko>Zdunek</nazwisko>
	<miasto>Łódź</miasto>
    </sedziaGlowny>
    <sedziowieLiniowi>
        <sedzia>
            <imie>Konrad</imie>
	    <nazwisko>Sapela</nazwisko>
	</sedzia>
        <sedzia>
            <imie>Radosław</imie>
	    <nazwisko>Siejka</nazwisko>
	</sedzia>
    </sedziowieLiniowi>
    <widownia>7000</widownia>	
  </mecz>
  

  <mecz>
    <kolejka>10</kolejka>
    <gospodarz>Groclin Dyskobolia</gospodarz>
    <przeciwnik>Wisła Płock</przeciwnik>    
    <wynik>    
        <gospodarz>2</gospodarz>
	<przeciwnik>2</przeciwnik>    
    </wynik>                
    <wynikDoPrzerwy>
        <gospodarz>1</gospodarz>
	<przeciwnik>1</przeciwnik>
    </wynikDoPrzerwy>	
    <data>
        <rok>2003</rok>
	<miesiac>10</miesiac>
	<dzien>25</dzien>
        <godzina>18</godzina>    	
        <minuta>00</minuta>
    </data>	
    <sedziaGlowny>
        <imie>Tomasz</imie>
        <nazwisko>Pacuda</nazwisko>
	<miasto>Częstochowa</miasto>
    </sedziaGlowny>
    <sedziowieLiniowi>
        <sedzia>
            <imie>Patryk</imie>
	    <nazwisko>Podwysocki</nazwisko>
	</sedzia>
        <sedzia>
            <imie>Piotr</imie>
	    <nazwisko>Musialik</nazwisko>
	</sedzia>
    </sedziowieLiniowi>
    <widownia>1500</widownia>	
  </mecz>
  

  <mecz>
    <kolejka>10</kolejka>
    <gospodarz>Widzew Łódź</gospodarz>
    <przeciwnik>Amica Wronki</przeciwnik>    
    <wynik>    
        <gospodarz>2</gospodarz>
	<przeciwnik>2</przeciwnik>    
    </wynik>                
    <wynikDoPrzerwy>
        <gospodarz>1</gospodarz>
	<przeciwnik>0</przeciwnik>
    </wynikDoPrzerwy>	
    <data>
        <rok>2003</rok>
	<miesiac>10</miesiac>
	<dzien>25</dzien>
        <godzina>18</godzina>    	
        <minuta>00</minuta>
    </data>	
    <sedziaGlowny>
        <imie>Marek</imie>
        <nazwisko>Mikołajewski</nazwisko>
	<miasto>Ciechanów</miasto>
    </sedziaGlowny>
    <sedziowieLiniowi>
        <sedzia>
            <imie>Rafał</imie>
	    <nazwisko>Rostkowski</nazwisko>
	</sedzia>
        <sedzia>
            <imie>Piotr</imie>
	    <nazwisko>Mikołajewski</nazwisko>
	</sedzia>
    </sedziowieLiniowi>
    <widownia>4500</widownia>	
  </mecz>
  

  <mecz>
    <kolejka>10</kolejka>
    <gospodarz>Dospel Katowice</gospodarz>
    <przeciwnik>Górnik Zabrze</przeciwnik>    
    <wynik>    
        <gospodarz>0</gospodarz>
	<przeciwnik>0</przeciwnik>    
    </wynik>                
    <wynikDoPrzerwy>
        <gospodarz>0</gospodarz>
	<przeciwnik>0</przeciwnik>
    </wynikDoPrzerwy>	
    <data>
        <rok>2003</rok>
	<miesiac>10</miesiac>
	<dzien>25</dzien>
        <godzina>20</godzina>    	
        <minuta>15</minuta>
    </data>	
    <sedziaGlowny>
        <imie>Anton</imie>
        <nazwisko>Stredak</nazwisko>
	<miasto>Słowacja</miasto>
    </sedziaGlowny>
    <sedziowieLiniowi>
        <sedzia>
            <imie>Roman</imie>
	    <nazwisko>Slysko</nazwisko>
	</sedzia>
        <sedzia>
            <imie>Jan</imie>
	    <nazwisko>Suniar</nazwisko>
	</sedzia>
    </sedziowieLiniowi>
    <widownia>4500</widownia>	
  </mecz>
  

  <mecz>
    <kolejka>10</kolejka>
    <gospodarz>Odra Wodzisław Śląski</gospodarz>
    <przeciwnik>Wisła Kraków</przeciwnik>    
    <wynik>    
        <gospodarz>3</gospodarz>
	<przeciwnik>2</przeciwnik>    
    </wynik>                
    <wynikDoPrzerwy>
        <gospodarz>3</gospodarz>
	<przeciwnik>0</przeciwnik>
    </wynikDoPrzerwy>	
    <data>
        <rok>2003</rok>
	<miesiac>10</miesiac>
	<dzien>24</dzien>
        <godzina>19</godzina>    	
        <minuta>00</minuta>
    </data>	
    <sedziaGlowny>
        <imie>Mirosław</imie>
        <nazwisko>Ryszka</nazwisko>
	<miasto>Warszawa</miasto>
    </sedziaGlowny>
    <sedziowieLiniowi>
        <sedzia>
            <imie>Piotr</imie>
	    <nazwisko>Sadczuk</nazwisko>
	</sedzia>
        <sedzia>
            <imie>Andrzej</imie>
	    <nazwisko>Dzik</nazwisko>
	</sedzia>
    </sedziowieLiniowi>
    <widownia>4650</widownia>	
  </mecz>
  

  <mecz>
    <kolejka>10</kolejka>
    <gospodarz>Górnik Łęczna</gospodarz>
    <przeciwnik>Górnik Polkowice</przeciwnik>    
    <wynik>    
        <gospodarz>1</gospodarz>
	<przeciwnik>0</przeciwnik>    
    </wynik>                
    <wynikDoPrzerwy>
        <gospodarz>0</gospodarz>
	<przeciwnik>0</przeciwnik>
    </wynikDoPrzerwy>	
    <data>
        <rok>2003</rok>
	<miesiac>10</miesiac>
	<dzien>25</dzien>
        <godzina>18</godzina>    	
        <minuta>00</minuta>
    </data>	
    <sedziaGlowny>
        <imie>Grzegorz</imie>
        <nazwisko>Gilewski</nazwisko>
	<miasto>Radom</miasto>
    </sedziaGlowny>
    <sedziowieLiniowi>
        <sedzia>
            <imie>Maciej</imie>
	    <nazwisko>Wierzbowski</nazwisko>
	</sedzia>
        <sedzia>
            <imie>Tomasz</imie>
	    <nazwisko>Smoliński</nazwisko>
	</sedzia>
    </sedziowieLiniowi>
    <widownia>5000</widownia>	
  </mecz>
  

  <mecz>
    <kolejka>10</kolejka>
    <gospodarz>Polonia Warszawa</gospodarz>
    <przeciwnik>Lech Poznań</przeciwnik>    
    <wynik>    
        <gospodarz>1</gospodarz>
	<przeciwnik>1</przeciwnik>    
    </wynik>                
    <wynikDoPrzerwy>
        <gospodarz>1</gospodarz>
	<przeciwnik>1</przeciwnik>
    </wynikDoPrzerwy>	
    <data>
        <rok>2003</rok>
	<miesiac>10</miesiac>
	<dzien>25</dzien>
        <godzina>18</godzina>    	
        <minuta>00</minuta>
    </data>	
    <sedziaGlowny>
        <imie>Jarosław</imie>
        <nazwisko>Żyro</nazwisko>
	<miasto>Bydgoszcz</miasto>
    </sedziaGlowny>
    <sedziowieLiniowi>
        <sedzia>
            <imie>Piotr</imie>
	    <nazwisko>Cwalina</nazwisko>
	</sedzia>
        <sedzia>
            <imie>Dariusz</imie>
	    <nazwisko>Wardak</nazwisko>
	</sedzia>
    </sedziowieLiniowi>
    <widownia>4000</widownia>	
  </mecz>
  

  <mecz>
    <kolejka>11</kolejka>
    <gospodarz>Lech Poznań</gospodarz>
    <przeciwnik>Świt Nowy Dwór Mazowiecki</przeciwnik>    
    <wynik>    
        <gospodarz>5</gospodarz>
	<przeciwnik>1</przeciwnik>    
    </wynik>                
    <wynikDoPrzerwy>
        <gospodarz>2</gospodarz>
	<przeciwnik>0</przeciwnik>
    </wynikDoPrzerwy>	
    <data>
        <rok>2003</rok>
	<miesiac>10</miesiac>
	<dzien>29</dzien>
        <godzina>19</godzina>    	
        <minuta>00</minuta>
    </data>	
    <sedziaGlowny>
        <imie>Zdzisław</imie>
        <nazwisko>Bakaluk</nazwisko>
	<miasto>Olsztyn</miasto>
    </sedziaGlowny>
    <sedziowieLiniowi>
        <sedzia>
            <imie>Mariusz</imie>
	    <nazwisko>Kowalski</nazwisko>
	</sedzia>
        <sedzia>
            <imie>Mariusz</imie>
	    <nazwisko>Wiśniewski</nazwisko>
	</sedzia>
    </sedziowieLiniowi>
    <widownia>7000</widownia>	
  </mecz>
  

  <mecz>
    <kolejka>11</kolejka>
    <gospodarz>Górnik Polkowice</gospodarz>
    <przeciwnik>Polonia Warszawa</przeciwnik>    
    <wynik>    
        <gospodarz>0</gospodarz>
	<przeciwnik>0</przeciwnik>    
    </wynik>                
    <wynikDoPrzerwy>
        <gospodarz>0</gospodarz>
	<przeciwnik>0</przeciwnik>
    </wynikDoPrzerwy>	
    <data>
        <rok>2003</rok>
	<miesiac>10</miesiac>
	<dzien>29</dzien>
        <godzina>19</godzina>    	
        <minuta>00</minuta>
    </data>	
    <sedziaGlowny>
        <imie>Tomasz</imie>
        <nazwisko>Cwalina</nazwisko>
	<miasto>Gdańsk</miasto>
    </sedziaGlowny>
    <sedziowieLiniowi>
        <sedzia>
            <imie>Piotr</imie>
	    <nazwisko>Cwalina</nazwisko>
	</sedzia>
        <sedzia>
            <imie>Radosław</imie>
	    <nazwisko>Siejka</nazwisko>
	</sedzia>
    </sedziowieLiniowi>
    <widownia>2000</widownia>	
  </mecz>
  

  <mecz>
    <kolejka>11</kolejka>
    <gospodarz>Wisła Kraków</gospodarz>
    <przeciwnik>Górnik Łęczna</przeciwnik>    
    <wynik>    
        <gospodarz>4</gospodarz>
	<przeciwnik>0</przeciwnik>    
    </wynik>                
    <wynikDoPrzerwy>
        <gospodarz>2</gospodarz>
	<przeciwnik>0</przeciwnik>
    </wynikDoPrzerwy>	
    <data>
        <rok>2003</rok>
	<miesiac>10</miesiac>
	<dzien>30</dzien>
        <godzina>18</godzina>    	
        <minuta>00</minuta>
    </data>	
    <sedziaGlowny>
        <imie>Grzegorz</imie>
        <nazwisko>Kasperkowicz</nazwisko>
	<miasto>Poznań</miasto>
    </sedziaGlowny>
    <sedziowieLiniowi>
        <sedzia>
            <imie>Jacek</imie>
	    <nazwisko>Kłodziński</nazwisko>
	</sedzia>
        <sedzia>
            <imie>Jacek</imie>
	    <nazwisko>Waskowski</nazwisko>
	</sedzia>
    </sedziowieLiniowi>
    <widownia>8000</widownia>	
  </mecz>
  

  <mecz>
    <kolejka>11</kolejka>
    <gospodarz>Górnik Zabrze</gospodarz>
    <przeciwnik>Odra Wodzisław Śląski</przeciwnik>    
    <wynik>    
        <gospodarz>3</gospodarz>
	<przeciwnik>1</przeciwnik>    
    </wynik>                
    <wynikDoPrzerwy>
        <gospodarz>1</gospodarz>
	<przeciwnik>0</przeciwnik>
    </wynikDoPrzerwy>	
    <data>
        <rok>2003</rok>
	<miesiac>10</miesiac>
	<dzien>29</dzien>
        <godzina>18</godzina>    	
        <minuta>00</minuta>
    </data>	
    <sedziaGlowny>
        <imie>Jacek</imie>
        <nazwisko>Granat</nazwisko>
	<miasto>Warszawa</miasto>
    </sedziaGlowny>
    <sedziowieLiniowi>
        <sedzia>
            <imie>Rafał</imie>
	    <nazwisko>Rostkowski</nazwisko>
	</sedzia>
        <sedzia>
            <imie>Konrad</imie>
	    <nazwisko>Sapela</nazwisko>
	</sedzia>
    </sedziowieLiniowi>
    <widownia>3500</widownia>	
  </mecz>
  

  <mecz>
    <kolejka>11</kolejka>
    <gospodarz>Amica Wronki</gospodarz>
    <przeciwnik>Dospel Katowice</przeciwnik>    
    <wynik>    
        <gospodarz>4</gospodarz>
	<przeciwnik>0</przeciwnik>    
    </wynik>                
    <wynikDoPrzerwy>
        <gospodarz>3</gospodarz>
	<przeciwnik>0</przeciwnik>
    </wynikDoPrzerwy>	
    <data>
        <rok>2003</rok>
	<miesiac>10</miesiac>
	<dzien>29</dzien>
        <godzina>19</godzina>    	
        <minuta>00</minuta>
    </data>	
    <sedziaGlowny>
        <imie>Leszek</imie>
        <nazwisko>Gawron</nazwisko>
	<miasto>Rzeszów</miasto>
    </sedziaGlowny>
    <sedziowieLiniowi>
        <sedzia>
            <imie>Tadeusz</imie>
	    <nazwisko>Gancarz</nazwisko>
	</sedzia>
        <sedzia>
            <imie>Tomasz</imie>
	    <nazwisko>Kukowski</nazwisko>
	</sedzia>
    </sedziowieLiniowi>
    <widownia>700</widownia>	
  </mecz>
  

  <mecz>
    <kolejka>11</kolejka>
    <gospodarz>Wisła Płock</gospodarz>
    <przeciwnik>Widzew Łódź</przeciwnik>    
    <wynik>    
        <gospodarz>3</gospodarz>
	<przeciwnik>1</przeciwnik>    
    </wynik>                
    <wynikDoPrzerwy>
        <gospodarz>1</gospodarz>
	<przeciwnik>1</przeciwnik>
    </wynikDoPrzerwy>	
    <data>
        <rok>2003</rok>
	<miesiac>10</miesiac>
	<dzien>29</dzien>
        <godzina>19</godzina>    	
        <minuta>00</minuta>
    </data>	
    <sedziaGlowny>
        <imie>Piotr</imie>
        <nazwisko>Siedlecki</nazwisko>
	<miasto>Szczecin</miasto>
    </sedziaGlowny>
    <sedziowieLiniowi>
        <sedzia>
            <imie>Andrzej</imie>
	    <nazwisko>Jaremko</nazwisko>
	</sedzia>
        <sedzia>
            <imie>Marcin</imie>
	    <nazwisko>Lis</nazwisko>
	</sedzia>
    </sedziowieLiniowi>
    <widownia>5500</widownia>	
  </mecz>
  

  <mecz>
    <kolejka>11</kolejka>
    <gospodarz>Legia Warszawa</gospodarz>
    <przeciwnik>Groclin Dyskobolia</przeciwnik>    
    <wynik>    
        <gospodarz>1</gospodarz>
	<przeciwnik>1</przeciwnik>    
    </wynik>                
    <wynikDoPrzerwy>
        <gospodarz>1</gospodarz>
	<przeciwnik>0</przeciwnik>
    </wynikDoPrzerwy>	
    <data>
        <rok>2003</rok>
	<miesiac>10</miesiac>
	<dzien>29</dzien>
        <godzina>20</godzina>    	
        <minuta>00</minuta>
    </data>	
    <sedziaGlowny>
        <imie>Tomasz</imie>
        <nazwisko>Mikulski</nazwisko>
	<miasto>Lublin</miasto>
    </sedziaGlowny>
    <sedziowieLiniowi>
        <sedzia>
            <imie>Piotr</imie>
	    <nazwisko>Sadczuk</nazwisko>
	</sedzia>
        <sedzia>
            <imie>Maciej</imie>
	    <nazwisko>Wierzbowski</nazwisko>
	</sedzia>
    </sedziowieLiniowi>
    <widownia>12000</widownia>	
  </mecz>
  

  <mecz>
    <kolejka>12</kolejka>
    <gospodarz>Świt Nowy Dwór Mazowiecki</gospodarz>
    <przeciwnik>Groclin Dyskobolia</przeciwnik>    
    <wynik>    
        <gospodarz>0</gospodarz>
	<przeciwnik>4</przeciwnik>    
    </wynik>                
    <wynikDoPrzerwy>
        <gospodarz>0</gospodarz>
	<przeciwnik>1</przeciwnik>
    </wynikDoPrzerwy>	
    <data>
        <rok>2003</rok>
	<miesiac>11</miesiac>
	<dzien>9</dzien>
        <godzina>15</godzina>    	
        <minuta>30</minuta>
    </data>	
    <sedziaGlowny>
        <imie>Krzysztof</imie>
        <nazwisko>Słupik</nazwisko>
	<miasto>Tarnów</miasto>
    </sedziaGlowny>
    <sedziowieLiniowi>
        <sedzia>
            <imie>Maciej</imie>
	    <nazwisko>Wierzbowski</nazwisko>
	</sedzia>
        <sedzia>
            <imie>Mariusz</imie>
	    <nazwisko>Kowalski</nazwisko>
	</sedzia>
    </sedziowieLiniowi>
    <widownia>500</widownia>	
  </mecz>
  

  <mecz>
    <kolejka>12</kolejka>
    <gospodarz>Widzew Łódź</gospodarz>
    <przeciwnik>Legia Warszawa</przeciwnik>    
    <wynik>    
        <gospodarz>0</gospodarz>
	<przeciwnik>1</przeciwnik>    
    </wynik>                
    <wynikDoPrzerwy>
        <gospodarz>0</gospodarz>
	<przeciwnik>0</przeciwnik>
    </wynikDoPrzerwy>	
    <data>
        <rok>2003</rok>
	<miesiac>11</miesiac>
	<dzien>7</dzien>
        <godzina>20</godzina>    	
        <minuta>00</minuta>
    </data>	
    <sedziaGlowny>
        <imie>Jarosław</imie>
        <nazwisko>Żyro</nazwisko>
	<miasto>Bydgoszcz</miasto>
    </sedziaGlowny>
    <sedziowieLiniowi>
        <sedzia>
            <imie>Piotr</imie>
	    <nazwisko>Cwalina</nazwisko>
	</sedzia>
        <sedzia>
            <imie>Dariusz</imie>
	    <nazwisko>Wardak</nazwisko>
	</sedzia>
    </sedziowieLiniowi>
    <widownia>10000</widownia>	
  </mecz>
  

  <mecz>
    <kolejka>12</kolejka>
    <gospodarz>Dospel Katowice</gospodarz>
    <przeciwnik>Wisła Płock</przeciwnik>    
    <wynik>    
        <gospodarz>2</gospodarz>
	<przeciwnik>0</przeciwnik>    
    </wynik>                
    <wynikDoPrzerwy>
        <gospodarz>2</gospodarz>
	<przeciwnik>0</przeciwnik>
    </wynikDoPrzerwy>	
    <data>
        <rok>2003</rok>
	<miesiac>11</miesiac>
	<dzien>8</dzien>
        <godzina>18</godzina>    	
        <minuta>00</minuta>
    </data>	
    <sedziaGlowny>
        <imie>Tomasz</imie>
        <nazwisko>Mikulski</nazwisko>
	<miasto>Lublin</miasto>
    </sedziaGlowny>
    <sedziowieLiniowi>
        <sedzia>
            <imie>Piotr</imie>
	    <nazwisko>Sadczuk</nazwisko>
	</sedzia>
        <sedzia>
            <imie>Andrzej</imie>
	    <nazwisko>Kuśmierczuk</nazwisko>
	</sedzia>
    </sedziowieLiniowi>
    <widownia>2500</widownia>	
  </mecz>
  

  <mecz>
    <kolejka>12</kolejka>
    <gospodarz>Odra Wodzisław Śląski</gospodarz>
    <przeciwnik>Amica Wronki</przeciwnik>    
    <wynik>    
        <gospodarz>2</gospodarz>
	<przeciwnik>2</przeciwnik>    
    </wynik>                
    <wynikDoPrzerwy>
        <gospodarz>2</gospodarz>
	<przeciwnik>2</przeciwnik>
    </wynikDoPrzerwy>	
    <data>
        <rok>2003</rok>
	<miesiac>11</miesiac>
	<dzien>8</dzien>
        <godzina>18</godzina>    	
        <minuta>15</minuta>
    </data>	
    <sedziaGlowny>
        <imie>Robert</imie>
        <nazwisko>Werder</nazwisko>
	<miasto>Warszawa</miasto>
    </sedziaGlowny>
    <sedziowieLiniowi>
        <sedzia>
            <imie>Sławomir</imie>
	    <nazwisko>Stempniewski</nazwisko>
	</sedzia>
        <sedzia>
            <imie>Maciej</imie>
	    <nazwisko>Szymanik</nazwisko>
	</sedzia>
    </sedziowieLiniowi>
    <widownia>3300</widownia>	
  </mecz>
  

  <mecz>
    <kolejka>12</kolejka>
    <gospodarz>Górnik Łęczna</gospodarz>
    <przeciwnik>Górnik Zabrze</przeciwnik>    
    <wynik>    
        <gospodarz>0</gospodarz>
	<przeciwnik>2</przeciwnik>    
    </wynik>                
    <wynikDoPrzerwy>
        <gospodarz>0</gospodarz>
	<przeciwnik>1</przeciwnik>
    </wynikDoPrzerwy>	
    <data>
        <rok>2003</rok>
	<miesiac>11</miesiac>
	<dzien>8</dzien>
        <godzina>18</godzina>    	
        <minuta>00</minuta>
    </data>	
    <sedziaGlowny>
        <imie>Marcin</imie>
        <nazwisko>Borski</nazwisko>
	<miasto>Warszawa</miasto>
    </sedziaGlowny>
    <sedziowieLiniowi>
        <sedzia>
            <imie>Dariusz</imie>
	    <nazwisko>Kozieł</nazwisko>
	</sedzia>
        <sedzia>
            <imie>Krzysztof</imie>
	    <nazwisko>Jenda</nazwisko>
	</sedzia>
    </sedziowieLiniowi>
    <widownia>4700</widownia>	
  </mecz>
  

  <mecz>
    <kolejka>12</kolejka>
    <gospodarz>Polonia Warszawa</gospodarz>
    <przeciwnik>Wisła Kraków</przeciwnik>    
    <wynik>    
        <gospodarz>2</gospodarz>
	<przeciwnik>5</przeciwnik>    
    </wynik>                
    <wynikDoPrzerwy>
        <gospodarz>0</gospodarz>
	<przeciwnik>4</przeciwnik>
    </wynikDoPrzerwy>	
    <data>
        <rok>2003</rok>
	<miesiac>11</miesiac>
	<dzien>9</dzien>
        <godzina>18</godzina>    	
        <minuta>10</minuta>
    </data>	
    <sedziaGlowny>
        <imie>Robert</imie>
        <nazwisko>Małek</nazwisko>
	<miasto>Katowice</miasto>
    </sedziaGlowny>
    <sedziowieLiniowi>
        <sedzia>
            <imie>Tomasz</imie>
	    <nazwisko>Rusek</nazwisko>
	</sedzia>
        <sedzia>
            <imie>Krzysztof</imie>
	    <nazwisko>Myrmus</nazwisko>
	</sedzia>
    </sedziowieLiniowi>
    <widownia>4500</widownia>	
  </mecz>
  

  <mecz>
    <kolejka>12</kolejka>
    <gospodarz>Lech Poznań</gospodarz>
    <przeciwnik>Górnik Polkowice</przeciwnik>    
    <wynik>    
        <gospodarz>1</gospodarz>
	<przeciwnik>0</przeciwnik>    
    </wynik>                
    <wynikDoPrzerwy>
        <gospodarz>0</gospodarz>
	<przeciwnik>0</przeciwnik>
    </wynikDoPrzerwy>	
    <data>
        <rok>2003</rok>
	<miesiac>11</miesiac>
	<dzien>8</dzien>
        <godzina>18</godzina>    	
        <minuta>00</minuta>
    </data>	
    <sedziaGlowny>
        <imie>Marek</imie>
        <nazwisko>Mikołajewski</nazwisko>
	<miasto>Ciechanów</miasto>
    </sedziaGlowny>
    <sedziowieLiniowi>
        <sedzia>
            <imie>Piotr</imie>
	    <nazwisko>Mikołajewski</nazwisko>
	</sedzia>
        <sedzia>
            <imie>Paweł</imie>
	    <nazwisko>Kostkiewicz</nazwisko>
	</sedzia>
    </sedziowieLiniowi>
    <widownia>12000</widownia>	
  </mecz>
  

  <mecz>
    <kolejka>13</kolejka>
    <gospodarz>Górnik Polkowice</gospodarz>
    <przeciwnik>Świt Nowy Dwór Mazowiecki</przeciwnik>    
    <wynik>    
        <gospodarz>1</gospodarz>
	<przeciwnik>0</przeciwnik>    
    </wynik>                
    <wynikDoPrzerwy>
        <gospodarz>0</gospodarz>
	<przeciwnik>0</przeciwnik>
    </wynikDoPrzerwy>	
    <data>
        <rok>2003</rok>
	<miesiac>11</miesiac>
	<dzien>22</dzien>
        <godzina>18</godzina>    	
        <minuta>00</minuta>
    </data>	
    <sedziaGlowny>
        <imie>Tomasz</imie>
        <nazwisko>Pacuda</nazwisko>
	<miasto>Częstochowa</miasto>
    </sedziaGlowny>
    <sedziowieLiniowi>
        <sedzia>
            <imie>Patryk</imie>
	    <nazwisko>Podwysocki</nazwisko>
	</sedzia>
        <sedzia>
            <imie>Piotr</imie>
	    <nazwisko>Musialik</nazwisko>
	</sedzia>
    </sedziowieLiniowi>
    <widownia>2500</widownia>	
  </mecz>
  

  <mecz>
    <kolejka>13</kolejka>
    <gospodarz>Wisła Kraków</gospodarz>
    <przeciwnik>Lech Poznań</przeciwnik>    
    <wynik>    
        <gospodarz>4</gospodarz>
	<przeciwnik>2</przeciwnik>    
    </wynik>                
    <wynikDoPrzerwy>
        <gospodarz>3</gospodarz>
	<przeciwnik>1</przeciwnik>
    </wynikDoPrzerwy>	
    <data>
        <rok>2003</rok>
	<miesiac>11</miesiac>
	<dzien>22</dzien>
        <godzina>18</godzina>    	
        <minuta>15</minuta>
    </data>	
    <sedziaGlowny>
        <imie>Antoni</imie>
        <nazwisko>Fijarczyk</nazwisko>
	<miasto>Rzeszów</miasto>
    </sedziaGlowny>
    <sedziowieLiniowi>
        <sedzia>
            <imie>Krzysztof</imie>
	    <nazwisko>Myrmus</nazwisko>
	</sedzia>
        <sedzia>
            <imie>Maciej</imie>
	    <nazwisko>Szymanik</nazwisko>
	</sedzia>
    </sedziowieLiniowi>
    <widownia>10000</widownia>	
  </mecz>
  

  <mecz>
    <kolejka>13</kolejka>
    <gospodarz>Górnik Zabrze</gospodarz>
    <przeciwnik>Polonia Warszawa</przeciwnik>    
    <wynik>    
        <gospodarz>1</gospodarz>
	<przeciwnik>0</przeciwnik>    
    </wynik>                
    <wynikDoPrzerwy>
        <gospodarz>0</gospodarz>
	<przeciwnik>0</przeciwnik>
    </wynikDoPrzerwy>	
    <data>
        <rok>2003</rok>
	<miesiac>11</miesiac>
	<dzien>22</dzien>
        <godzina>18</godzina>    	
        <minuta>00</minuta>
    </data>	
    <sedziaGlowny>
        <imie>Grzegorz</imie>
        <nazwisko>Kasperkowicz</nazwisko>
	<miasto>Poznań</miasto>
    </sedziaGlowny>
    <sedziowieLiniowi>
        <sedzia>
            <imie>Jacek</imie>
	    <nazwisko>Kłodziński</nazwisko>
	</sedzia>
        <sedzia>
            <imie>Jacek</imie>
	    <nazwisko>Waskowski</nazwisko>
	</sedzia>
    </sedziowieLiniowi>
    <widownia>5000</widownia>	
  </mecz>
  

  <mecz>
    <kolejka>13</kolejka>
    <gospodarz>Amica Wronki</gospodarz>
    <przeciwnik>Górnik Łęczna</przeciwnik>    
    <wynik>    
        <gospodarz>3</gospodarz>
	<przeciwnik>2</przeciwnik>    
    </wynik>                
    <wynikDoPrzerwy>
        <gospodarz>0</gospodarz>
	<przeciwnik>0</przeciwnik>
    </wynikDoPrzerwy>	
    <data>
        <rok>2003</rok>
	<miesiac>11</miesiac>
	<dzien>23</dzien>
        <godzina>17</godzina>    	
        <minuta>15</minuta>
    </data>	
    <sedziaGlowny>
        <imie>Jacek</imie>
        <nazwisko>Granat</nazwisko>
	<miasto>Warszawa</miasto>
    </sedziaGlowny>
    <sedziowieLiniowi>
        <sedzia>
            <imie>Sławomir</imie>
	    <nazwisko>Stempniewski</nazwisko>
	</sedzia>
        <sedzia>
            <imie>Rafał</imie>
	    <nazwisko>Rostkowski</nazwisko>
	</sedzia>
    </sedziowieLiniowi>
    <widownia>2000</widownia>	
  </mecz>
  

  <mecz>
    <kolejka>13</kolejka>
    <gospodarz>Wisła Płock</gospodarz>
    <przeciwnik>Odra Wodzisław Śląski</przeciwnik>    
    <wynik>    
        <gospodarz>2</gospodarz>
	<przeciwnik>0</przeciwnik>    
    </wynik>                
    <wynikDoPrzerwy>
        <gospodarz>1</gospodarz>
	<przeciwnik>0</przeciwnik>
    </wynikDoPrzerwy>	
    <data>
        <rok>2003</rok>
	<miesiac>11</miesiac>
	<dzien>22</dzien>
        <godzina>18</godzina>    	
        <minuta>00</minuta>
    </data>	
    <sedziaGlowny>
        <imie>Krzysztof</imie>
        <nazwisko>Słupik</nazwisko>
	<miasto>Tarnów</miasto>
    </sedziaGlowny>
    <sedziowieLiniowi>
        <sedzia>
            <imie>Konrad</imie>
	    <nazwisko>Sapela</nazwisko>
	</sedzia>
        <sedzia>
            <imie>Andrzej</imie>
	    <nazwisko>Kotos</nazwisko>
	</sedzia>
    </sedziowieLiniowi>
    <widownia>3000</widownia>	
  </mecz>
  

  <mecz>
    <kolejka>13</kolejka>
    <gospodarz>Legia Warszawa</gospodarz>
    <przeciwnik>Dospel Katowice</przeciwnik>    
    <wynik>    
        <gospodarz>1</gospodarz>
	<przeciwnik>0</przeciwnik>    
    </wynik>                
    <wynikDoPrzerwy>
        <gospodarz>1</gospodarz>
	<przeciwnik>0</przeciwnik>
    </wynikDoPrzerwy>	
    <data>
        <rok>2003</rok>
	<miesiac>11</miesiac>
	<dzien>22</dzien>
        <godzina>18</godzina>    	
        <minuta>00</minuta>
    </data>	
    <sedziaGlowny>
        <imie>Zbigniew</imie>
        <nazwisko>Marczyk</nazwisko>
	<miasto>Piła</miasto>
    </sedziaGlowny>
    <sedziowieLiniowi>
        <sedzia>
            <imie>Piotr</imie>
	    <nazwisko>Sadczuk</nazwisko>
	</sedzia>
        <sedzia>
            <imie>Hieronim</imie>
	    <nazwisko>Twardosz</nazwisko>
	</sedzia>
    </sedziowieLiniowi>
    <widownia>10000</widownia>	
  </mecz>
  

  <mecz>
    <kolejka>13</kolejka>
    <gospodarz>Groclin Dyskobolia</gospodarz>
    <przeciwnik>Widzew Łódź</przeciwnik>    
    <wynik>    
        <gospodarz>2</gospodarz>
	<przeciwnik>0</przeciwnik>    
    </wynik>                
    <wynikDoPrzerwy>
        <gospodarz>0</gospodarz>
	<przeciwnik>0</przeciwnik>
    </wynikDoPrzerwy>	
    <data>
        <rok>2003</rok>
	<miesiac>11</miesiac>
	<dzien>22</dzien>
        <godzina>18</godzina>    	
        <minuta>00</minuta>
    </data>	
    <sedziaGlowny>
        <imie>Grzegorz</imie>
        <nazwisko>Gilewski</nazwisko>
	<miasto>Radom</miasto>
    </sedziaGlowny>
    <sedziowieLiniowi>
        <sedzia>
            <imie>Mariusz</imie>
	    <nazwisko>Kowalski</nazwisko>
	</sedzia>
        <sedzia>
            <imie>Tomasz</imie>
	    <nazwisko>Smoliński</nazwisko>
	</sedzia>
    </sedziowieLiniowi>
    <widownia>3500</widownia>	
  </mecz>
  
</mecze>